level,BlockItem,Bomb,Dropline,Empty tray reward,Frozen,Goldlock,GrillBomb,GrillIceMain,GrillIceNeighbor,GrillLock,Hidden,HorizontalConveyer,Ice,LockArea,Lockitem,Mini tray,Octochef,Order,Overcook,SilverLock,SpicyTray,ToggleGrill,Vending3,VendingTray,VerticalConveyer,WoodenTray,Wrapped,time
1,,,,,,,,,,,,,,,,,,,,,,,,,,,,120
10,,,,2,,,,,,,,1,,,,4,,,,,,,,,,,,300
100,,,30,,,,,,,,,,,,,,,,,,,,,,,,,260
1000,,,,,,,,,,3,,3,,,,,,,,,,,,20,,3,,260
1001,,,,1,,,,,,,4,,3,,,,,,,1,,,,,,,,290
1002,,,,,,,,,,1,4,,3,,1,1,,,,,,,,9,2,,,300
1003,,,,,,,,,,,30,,2,,1,,,,,,,,,,,,,250
1004,,,,,,,,,,,39,,1,,1,,,,,,,,,4,,3,,200
1005,,1,,,,,,,,,2,,3,,,,,,,,,,,,,,,260
1006,,1,,,,,,,,,4,,2,,2,,,,,,,,,,2,,,360
1007,,1,,,,1,,,,,,,,,1,,,,,,,,,12,1,2,,360
1008,,,,,,,,,,,60,,,,,,,,,,,,,,,4,,275
1009,,1,,,4,,,,,3,,2,,,,,,,,,,,,,,,,320
101,,,,,,,,,,3,,,,,,5,,,,,,,,5,1,,,355
1010,,,,,,,,,,,,,,,,,,,,,,,,,,,,200
1011,,,,,4,,,,,,,,4,,,,,,,,,,,4,,,,310
1012,,1,,,,,,,,,,,,,1,,,,,1,,,,6,,,,230
1013,,,,,,,,,,,,,4,,,,,,,,,,,,1,,,330
1014,,,,,5,,,,,,,,2,,,,,,,,,,,4,,,,300
1015,,,,1,,,,,,2,,,,,1,,,,,1,2,,,,,2,,250
1016,,,,,6,,,,,,,,4,,,,,,,,,,,,1,,,350
1017,,,,,,,,,,3,,1,,,,,,,,,2,,,,,2,,340
1018,,,,,3,,,,,,,,,,,,,,,,,,,,,,,300
1019,,,,,,,,,,1,,3,,,1,4,,,,1,,,,20,,2,,425
102,,1,,,2,,,,,4,,,,,,,,,,,,,,,,,,320
1020,,1,,,,,,,,3,4,,,,,,,,,,,,,4,,,,300
1021,,1,,,4,,,1,2,,,,1,,,,,,,,,,,,,,,360
1022,,,,1,,,,1,2,,,2,1,,,,,,,1,,,,,,,,440
1023,,,,1,4,,,1,2,,,,,,1,,,,,,,,,,,,,320
1024,,,,1,4,,,1,2,,4,,1,,,,,,,1,,,,,,,,380
1025,,2,,1,6,,,1,2,,,,,,1,,,,,,,,,6,1,,,330
1026,,,,1,3,,,2,4,,14,,,,,,,,,,,,,,,,,370
1027,,,,1,3,1,,1,2,,13,2,,,1,,,,,,,,,,,,,390
1028,,,,,3,,,,,,,,,,,,,,,,,,,,,,,300
1029,,,,,3,,,,,,15,,2,,1,,,,,,,,,,1,,,210
103,,1,,1,,,,,,,,2,3,,,,,,,,,,,,,,,290
1030,,,,,3,,,,,,,,,,,,,,,,,,,,,,,300
1031,,,,,,,,,,,15,,1,,,3,,,,1,,,,,,,,350
1032,,,,,,,,2,4,,9,,,,,3,,,1,,,,,,,,,330
1033,,,,,,,,,,1,9,3,,,1,,,,1,,,,,3,,,,375
1034,,,,,5,1,,1,2,,8,,,,,,,,1,,,,,5,,,,270
1035,,,,1,5,1,,,,,5,,2,,,,,,1,,,,,6,,,,360
1036,,,,,,1,,1,2,1,9,,,,1,,,,,1,,,,,3,,,400
1037,,,,,3,,,1,2,1,5,2,,,,4,,,2,,,,,8,,,,440
1038,,,,,,,,,,,,,2,,,,,,,,,,,5,,,,300
1039,,,,1,,,2,,,1,9,,,,,,,,,,,,,4,,,,300
104,,1,,1,1,,,,,3,,2,,,,,,,,,,,,,,,,340
1040,,,,,,1,2,1,2,,6,,,,,,,,,1,,,,,,,,330
1041,,,,1,,,4,,,,,,,,,,,,2,,,,,,,,,320
1042,,,,1,,,1,1,2,2,6,2,,,,,,,1,,,,,10,,,,475
1043,,,,,3,,,,,,5,1,,,,13,,,,,,,,,,,,390
1044,,,,1,3,1,1,1,2,,5,,,,,,,,1,1,,,,,,,,250
1045,,,,,2,,2,1,2,2,13,1,,,,,,,2,,,,,,,,,320
1046,,,,,4,,1,1,2,2,4,,,,,,,,1,,,,,4,,,,320
1047,,,,,,,,1,2,,11,4,,,,,,,,,,,,,,,,350
1048,,,,1,,,1,1,2,1,13,,,,,,,,1,,,,,,,,,240
1049,,,,1,,,1,,,2,13,,,,2,,,,1,,,,,,,,,330
105,,1,,2,1,,,,,3,,3,,,1,,,,,,,,,,,,,365
1050,,,,1,,1,,,,1,18,,,,,,,,,1,,,,4,,,,280
1051,,,,,,1,1,,,2,10,,,,,,,,1,1,,,,4,1,,,300
1052,,,,1,5,,,,,,17,,,,,,,,,,,,,2,,2,,280
1053,,,,,,,1,,,2,6,3,,,,10,,,,1,,,,13,,,,330
1054,,,,,,,,,,,,,,,,,,,,,,,,,,,,200
1055,,,,,,,1,,,,13,,2,,1,,,,1,,,,,,1,,,270
1056,,2,,,,,,1,2,2,16,,,,,,,,,,,,,4,,1,,280
1057,,,,,,,1,,,3,11,,,,,2,,,,,,,,4,,,,270
1058,,,,1,,,2,,,2,,1,,,,,,,2,,,,,3,,,,300
1059,,,,,,,1,,,4,6,,,,,,,,1,,,,,5,,1,,330
106,,1,,2,1,,,,,,,,,,,2,,,,,,,,2,,,,360
1060,,,,,,1,2,,,2,8,1,,,,,,,2,1,,,,3,,,,280
1061,,,,,,,,1,2,1,,,,,,,,,,,,,,4,,2,,240
1062,,,,1,,,,1,2,,10,2,,,,,,,,,,,,2,,,,320
1063,,,,,5,,2,,,,8,2,,,,,,,2,,,,,2,,,,460
1064,,,,,3,,,,,,,,,,,,,,,,,,,,,,,300
1065,,,,1,,,,,,,15,,3,,,,,,,,2,,,,,2,,200
1066,,,,,3,,1,1,2,1,8,1,,,,,,,1,,2,,,,,,,350
1067,,1,,,3,,,,,1,8,,,,,,,,,,2,,,3,,1,,360
1068,,,,1,,,,1,2,,16,,,,,1,,,,,,,,4,,1,,310
1069,,,,1,,,2,,,2,,2,,,2,5,,,,,,,,5,,,,380
107,,,,1,,,,,,,,,2,,,2,,,,1,,,,4,,,,390
1070,,,,,5,,,2,4,,,,,,,,,,,,,,,,,2,,270
1071,,,,,,,,1,2,,12,,,,1,4,,,,,,,,2,1,,,360
1072,,,,,,1,,,,,10,,2,,,,,,,,,,,10,2,,,420
1073,,,,1,3,,1,,,3,9,,,,,,,,1,,,,,4,,,,380
1074,,,,,,,2,,,,12,3,,,,,,,2,,,,,3,,,,410
1075,,,,,,,,,,,11,3,3,,,,,,,,,,,4,,6,,370
1076,,,,,,,,,,,,,,,,,,,,,,,,,,,,200
1077,,,,,,1,,1,2,1,12,,,,1,,,,,1,,,,,1,,,250
1078,,,,1,,,,,,1,18,,,,1,,,,,,,,,,,,,270
1079,,,,1,4,1,,1,2,,8,,,,,,,,,,,,,3,,,,350
108,,,,1,,,,,,,,,3,,,,,,,,,,,,,,,340
1080,,,,,,,,,,,6,3,3,,,10,,,,,,,,10,,,,320
1081,,3,,1,5,1,,,,1,12,,,,,,,,,1,,,,,,1,,250
1082,,3,,,,,,,,2,8,1,,,1,5,,,,,,,,7,,,,320
1083,,1,,,,1,,,,2,14,,,,,,,,,1,,,,4,,,,260
1084,,,,1,,,,,,3,8,,,,,,,,,,,,,6,,,,340
1085,,3,,,,,,,,,22,,,,,,,,,,,,,,,2,,300
1086,,2,,1,,1,,,,1,12,2,,,,8,,,,1,,,,8,,,,280
1087,,,,,3,,,,,,5,1,,,,13,,,,,,,,,,,,250
1088,,3,,,,,,1,2,2,12,,,,,,,,,,,,,4,,,,320
1089,,2,,1,,,1,,,1,10,,,,1,,,,1,1,,,,,,,,270
109,,1,,,1,,,,,2,,,,,,,,,,1,,,,,2,,,365
1090,,,,,,1,1,,,1,11,2,,,,,,,1,1,,,,13,,,,270
1091,,1,,1,4,,,,,,14,,2,,,,,,,,,,,,,,,200
1092,,,,,5,1,1,,,3,8,1,,,1,,,,1,1,,,,,,,,270
1093,,,,,5,,2,,,,13,3,3,,,,,,,,,,,,,,,330
1094,,,,,,1,1,,,1,16,3,,,,,,,,1,,,,4,,,,360
1095,,,,,3,,,,,,,,,,,,,,,,,,,,,,,240
1096,,2,,,5,,,,,,14,,,,,,,,,,,,,5,,2,,375
1097,,,,,,1,,,,2,9,2,,,1,,,,1,1,,,,,,,,270
1098,,,,1,,,,,,,11,,2,,,7,,,,,,,,7,2,,,360
1099,,3,,,,1,,,,2,12,,,,,,,,,1,,,,4,,,,330
11,,,,,,,,,,,,,,,,,,,,,,,,,,,,360
110,,,32,,,,,,,,,,,,,,,,,,,,,,,,,330
1100,,,,,,,2,,,,12,,2,,1,,,,,,,,,6,,,,300
1101,,,,,5,,2,,,1,9,2,,,,,,,2,,,,,4,,,,360
1102,,,,,6,,,,,,13,,3,,,,,,,,,,,,,,,240
1103,,,,,,1,1,,,,,,2,,,,,,1,1,,,,,,1,,300
1104,,3,,,,,,1,2,2,14,,,,,,,,,,,,,5,,,,310
1105,,,,,,,1,,,,12,1,3,,,,,,1,,,,,2,,,,300
1106,,,,,5,1,1,,,3,14,1,,,,,,,1,1,,,,,,,,320
1107,,,,,5,,1,,,,,1,,,,5,,,1,,,,,5,,2,,395
1108,,,,,,,,,,,,3,4,,,10,,,,,,,,13,,,,435
1109,,,,,3,,,,,,,,,,,,,,,,,,,,,,,300
111,,,,,,,,,,,,,,,7,,,,,,,,,,,1,,330
1110,,,,,4,1,1,,,2,9,2,,,1,,,,1,1,,,,3,,,,320
1111,,,,,,1,,1,2,,,,,,,,,,,1,,,,4,,,17,250
1112,,,,,,,,,,3,,,,,,,,,,,,,,6,1,,26,330
1113,,,,1,,1,,1,2,1,,1,,,,,,,,1,,,,,,,20,270
1114,3,,,1,,1,,,,2,,,,,,,,,,1,,,,,,,,250
1115,2,,,,,,,,,,,,2,,,,,,,,,,,,,,6,260
1116,,,,,,1,2,,,1,,,,,,,,,,1,,,,4,,,17,230
1117,,,,1,,1,,,,2,,,,,,,,,,1,,,,,,,21,350
1118,,,,1,5,,,1,2,,6,1,,,2,5,,,,,,,,5,,,,400
1119,4,,,,,,1,,,2,,,,,,,,,1,,,,,2,,,8,330
112,,,,1,,,,,,,,,,,,2,,,,,,,,2,,1,,360
1120,,,,,,1,,,,,,3,2,,,5,,,,1,,,,5,,,20,320
1121,,,,,3,,,,,,5,1,,,,13,,,,,,,,,,,,390
1122,3,,,,,1,1,,,,,,,,,,,,1,1,,,,3,,,12,240
1123,,,,1,,,1,,,,,,2,,2,,,,1,,,,,,,,26,300
1124,,,,,,1,1,,,,,2,2,,,,,,1,,,,,4,,,17,400
1125,,,,,,1,,,,,,,3,,,,,,,1,,,,,,,16,300
1126,4,,,,,1,,,,,10,,2,,,,,,,1,,,,,,,18,220
1127,3,,,1,5,,,,,,9,,3,,,,,,,,,,,6,,,8,400
1128,3,,,,,1,,,,1,,2,,,,8,,,,1,,,,4,,,9,370
1129,,,,,,,,,,,,,,,,,,,,,,,,,,,,300
113,,,,1,,,,,,,,,,,,,,,,,,,,2,,1,,300
1130,,,,,,,1,,,2,,1,,,,10,,,,,,,,6,,1,14,375
1131,4,,,,,,1,,,4,,1,,,2,,,,1,,,,,,,,15,280
1132,4,,,,,1,,,,,,,2,,,,,,,,,,,4,,,24,300
1133,,,,,3,1,,,,,,,2,,,,,,,,,,,6,,,20,300
1134,,,,1,,,2,,,3,,2,,,2,,,,,,,,,,,,20,330
1135,,,,1,,1,,,,2,22,,,,,,,,,,,,,5,,2,,300
1136,4,,,,,,,,,1,,,,,,,,,,,,,,3,,,21,290
1137,,,,1,,,,,,2,,,2,,,,,,,,,,,,,3,29,330
1138,4,,,1,,,,1,2,2,,2,,,,5,,,,,,,,5,,,14,300
1139,,,,,3,,,,,,,,,,,,,,,,,,,,,,,300
114,,,,1,1,,,,,1,,,,,1,,,,,,,,,,,1,,340
1140,,,,1,,,1,,,,,,4,,,,,,1,,,,,,,,28,240
1141,,,,,,,2,,,,17,,,,,,,,2,,,,,,2,,,330
1142,,,,,,1,,,,,,,2,,,,,,,,,,,,,,30,280
1143,,,,,,1,1,,,,23,,2,,,,,,1,1,,,,5,,,,460
1144,3,,,,,,,,,,,1,3,,,,,,,,,,,3,,,15,400
1145,4,,,,,,,,,2,,2,,,,7,,,,,,,,7,,,24,370
1146,,,,1,,1,1,,,2,,,,,,,,,1,1,,,,,,,,270
1147,4,,,1,,,,,,,,,3,,,,,,,,,,,3,,,26,350
1148,5,,,,,,,,,4,,,,,,,,,,,,,,4,,,28,250
1149,,,,,,,2,,,5,,,,,,,,,,,,,,,2,,16,420
115,,1,,1,,,,,,,,,1,,,,,,,,,,,4,,,,375
1150,,,,,,1,1,,,,35,3,2,,,10,,,1,1,,,,10,,,,360
1151,,,,,3,,,,,,,,,,,,,,,,,,,,,,,300
1152,,,,,9,,,,,,,,,,,,,,,,,,,3,,1,,335
1153,5,,,,,,,,,2,,,,,,,,,,,,,,6,,,18,300
1154,,,,,,,,,,1,,,,,,,,,,,,,,,,,45,250
1155,,,,,,,1,,,,,3,3,,,,,,,,,,,,,,19,300
1156,,3,,,,,,,,,,,2,,,,,,,,,,,,,1,,250
1157,,,,1,,,,,,,,,2,,2,,,,,,,,,,,2,28,250
1158,,,,,,,1,,,3,,,,,,,,,1,,,,,4,,,,340
1159,,,,,,1,1,,,,17,,2,,1,,,,1,1,,,,,2,,,320
116,,,,1,1,,,,,3,,,,,,2,,,,,,,,2,,2,,380
1160,,,,1,,,1,,,3,,3,,,,,,,1,,,,,,,3,14,340
1161,,,,,3,,,,,,,,,,,,,,,,,,,,,,,300
1162,,,,,,1,2,,,2,,,,,,,,,,1,,,,,,,18,250
1163,,,,,,,1,,,,,,,,,,,,1,,,,,4,,,8,330
1164,,,,1,,,,,,,,1,2,,2,5,,,,,,,,5,,,,280
1165,,,,1,,1,1,,,,,1,1,,,,,,,1,,,,,,,19,300
1166,3,,,,,,,,,,,,3,,,,,,,,,,,4,,,20,260
1167,,,,,,,,,,4,,3,,,,,,,2,,,,,,,,22,300
1168,,,,1,5,,,,,,,,3,,,,,,,,,,,2,,2,12,330
1169,,,,,,,1,,,,,,4,,,,,,1,,,,,,,2,15,300
117,,,,,,,,,,3,,,,,,13,,,,,,,,,1,2,,450
1170,4,,,,,1,,,,,,,2,,,,,,,1,,,,4,,2,11,260
1171,,,,,,,,,,,,2,6,,,,,,,,,,,,,,33,240
1172,,,,1,6,,1,,,,,3,3,,,,,,,,,,,,,3,22,330
1173,,,,,3,,,,,,,,,,,,,,,,,,,,,,,300
1174,,,,,,1,,1,2,,,2,,,,,,,2,,,,,4,,,27,330
1175,,,,,,,,,,,,,2,,,,,,,,,,,,,,33,250
1176,,,,1,,,1,,,,,,5,,,,,,1,,,,,,2,,26,310
1177,,,,1,,,,,,,,,3,,,,,,,,,,,5,,,26,320
1178,,,,,8,,,,,2,,,,,,,,,,,,,,,,2,51,260
1179,,,,1,,1,1,,,2,,2,,,,5,,,1,1,,,,5,,,,340
118,,,,1,,,,,,2,,,,,,,,,,,,,,2,2,1,,445
1180,3,,,1,,,,,,,,,2,,2,,,,,,,,,4,,,34,280
1181,,2,,,,,,,,,,,4,,,,,,,,,,,,,,1,300
1182,,,,1,,,1,,,3,14,3,,,,10,,,,,,,,10,,,,350
1183,,,,,,,,,,,,,,,,,,,,,,,,,,,,230
1184,4,,,,,1,,,,,,,2,,,,,,,,,,,3,,,,250
1185,,,,,3,,,,,,,,,,,,,,,,,,,,,,,300
1186,,,,,,,1,,,,,,4,,,,,,,,,,,,,,30,250
1187,4,,,1,,,,,,2,,,,,,,,,,,,,,,,,54,190
1188,,,,1,,1,,,,,,,2,,,,,,,,,,,5,,,,480
1189,,,,1,,,,,,,,1,3,,,10,,,,,,,,3,,1,52,390
119,,,,1,,,,,,4,,,,,,,,,,,,,,4,,,,435
1190,,,,1,,,,,,,22,,4,,,,,,,,,,,,,3,39,280
1191,,3,,1,,,,,,,36,,2,,,,,,,,,,,,,1,,280
1192,4,,,,,,,,,,,,3,,,,,,,,,,,3,,1,32,210
1193,,,,1,,,,,,,33,2,3,,,,,,,,,,,3,,4,,370
1194,,,,,,,,,,,,,,,,,,,,,,,,,,,,300
1195,,,,1,,1,2,,,,,,3,,,,,,2,1,,,,,,,31,240
1196,,,,1,,,,1,2,,19,2,,,,,,,,,,,,,,6,,300
1197,,,,,,,,,,,,,3,,,3,,,,,,,,4,2,3,33,300
1198,,,,,,1,,,,,32,,2,,1,,,,,1,,,,,2,,,260
1199,,,,,,,1,,,,,2,3,,,,,,1,,,,,4,,,34,340
12,,,,,,,,,,,,1,,,,10,,,,,,,,,,,,330
120,,,31,,,,,,,,,,,,,,,,,,,,,,,,,330
1200,,,,1,,,,,,,19,2,2,,1,12,,,,,,,,12,,,,360
1201,,,,,,,,,,4,,,,,,,,,,,,,,,,,,250
1202,,,,1,,1,,,,2,,,,,,,,,,1,,,,,,,30,340
1203,,3,,,,,,,,,,,3,,,,,,,,,,,5,,2,,250
1204,,,,,,,,,,1,,1,,,,5,,,,,,,,13,,,41,300
1205,,,,1,,1,,1,2,,,2,,,,4,,,,,,,,6,,,20,420
1206,,,,,3,,,,,,,,,,,,,,,,,,,,,,,300
1207,,3,,,,,1,,,,,3,,,,,,,1,,,,,,,,42,330
1208,,,,,,,,,,,,,2,,,,,,,,,,,,,2,51,250
1209,,,,,,,,,,,,,2,,,,,,,,,,,4,,1,30,300
121,,,,1,,,,,,,,,2,,,,,,,,,,,,,1,,330
1210,,,,,,,,,,,,,3,,,,,,2,,,,,4,1,,30,360
1211,,,,,,1,,,,,23,,2,,,,,,,,,,,4,,,24,330
1212,,,,1,5,,2,,,,,3,2,,,,,,,,,,,,,,24,390
1213,,,,,,,,,,,,3,2,,,,,,,,,,,,,6,23,480
1214,,3,,,,1,,1,2,,,,,,,,,,,,,,,2,,,28,300
1215,,,,,,,2,,,,,,3,,,,,,,,,,,,3,,36,300
1216,,,,1,3,,2,,,,,3,2,,,,,,,,,,,,,,24,390
1217,,,,,,,,,,,29,,3,,,,,,2,,,,,3,,2,,360
1218,,,,1,,,1,,,,,3,,,,,,,,,,,,,,2,14,320
1219,,,,1,,1,,,,,,2,2,,,5,,,2,,,,,5,,,,420
122,,1,,,1,,,,,4,,,,,,,,,,,,,,,,,,390
1220,,,,,,,,,,,,,,,,,,,,,,,,,,,,280
1221,,,,1,,,,,,,,,3,,,,,,,,,,,,,3,,250
1222,,,,,,,,,,3,,,,,,,,,,,,,,6,,3,,250
1223,,,,,,1,,,,2,,,,,1,,,,,1,,,,,2,,51,300
1224,,,,,,1,1,,,3,,1,,,,,,,,1,,,,,,2,,300
1225,,,,,,1,,,,1,,,,,1,,,,,,,,,,,3,26,250
1226,,,,,,,,,,2,,,,,,,,,,,1,,,4,,,,250
1227,,,,,,1,2,,,,29,,4,,,,,,,1,,,,,2,,,280
1228,,,,,,1,1,,,2,,,,,,,,,,1,,,,4,,,25,330
1229,,,,,,,,,,,,,3,,,,,,,,,,,,,1,54,300
123,,,,1,,,,,,,,,2,,,,,,,1,,,,4,,,,375
1230,,,,,,,,,,,,,,,,,,,,,,,,,,,,250
1231,,,,1,,1,,,,,,2,,,1,9,,,2,1,,,,3,,,21,320
1232,,,,,,,,,,,,,,,,,,,,,,,,,,,,260
1233,,,,,,,,,,,,,2,,,,,,,1,,,,,,,36,250
1234,,,,1,,1,,,,1,36,2,,,1,,,,2,,,,,,,4,,260
1235,,,,1,,,,,,3,,2,,,,,,,2,,,,,,,2,26,340
1236,,,,,,,2,,,6,,,,,,,,,,,,,,,3,3,,250
1237,,,,1,,,,,,,,,2,,2,,,,,,,,,,,2,,300
1238,,,,,,,,,,,,,2,,,,,,,,,,,6,,,,300
1239,,,,1,,,,,,,,2,2,,1,12,,,,,,,,12,,,,340
124,,1,,2,1,,,,,,,3,3,,,,,,,,,,,,,,,405
1240,,,,,,,,,,,,,,,,,,,,,,,,,,,,260
1241,,,,,,,2,,,,,,,,,,,,2,,,,,,,,45,300
1242,,,,,,,1,,,,,,,,3,,,,1,,,,,,,,,250
1243,,,,,5,,,,,,,,6,,,,,,2,,,,,,,,,340
1244,,,,,,,,,,2,,,,,,,,,,,1,,,,,,,250
1245,,,,1,,,,,,3,,,,,,,,,,,2,,,,,,,240
1246,,,,1,4,1,,,,,,,2,,,,,,,1,,,,,,,,340
1247,,,,,,,,,,2,,,,,,,,,,,,,,5,,,48,250
1248,,,,1,,,1,,,3,14,1,,,,,,,,,,,,4,,,,300
1249,,,,1,,,,,,2,29,1,,,,10,,,,,,,,4,,,,320
125,,,,2,,,,,,3,,4,,,,,,,,,,,,,,,,440
1250,,,,,3,,,,,,,,,,,,,,,,,,,,,,,300
1251,4,,,1,,,,,,3,,,,,,,,,,,,,,,,,,250
1252,,,,,,,,,,,,,2,,,,,,,,1,,,,,,,355
1253,,,,,,1,,,,,31,,2,,,,,,,1,,,,5,,,,280
1254,,,,,,,1,,,,18,,6,,,,,,,,,,,,3,,,280
1255,,,,,,,,,,,,3,3,,,,,,,,,,,4,,,82,360
1256,,,,,,,,,,,,,6,,,,,,2,,,,,,1,,,250
1257,,,,,,1,,,,,,,2,,,,,,,1,,,,,,,33,300
1258,,,,1,,,1,,,3,14,3,,,,10,,,,,,,,10,,,,350
1259,,,,1,,1,,,,2,,3,,,,10,,,1,1,,,,,,,,280
126,,,,2,1,,,,,2,,,,,,2,,,,,,,,4,,1,,375
1260,,,,1,,,2,,,,29,,4,,,,,,,,,,,,2,,,250
1261,,,,,,,1,,,,36,1,3,,,,,,,,,,,3,,,,280
1262,,,,1,,,,,,2,,,,,,,,,,,,,,,,,58,320
1263,,,,,,,,,,,,,,,,,,,2,,,,,,,,36,330
1264,,,,1,,,,,,3,,1,,,,10,,,,,,,,3,,,32,320
1265,,,,,3,,,,,,,,,,,,,,,,,,,,,,,300
1266,,,,,4,,,,,,,,2,,,,,,,,,,,,,2,38,300
1267,,,,1,,,1,,,3,30,1,,,,5,,,,,,,,5,,,,330
1268,,,,,,,,,,3,35,,,,,,,,1,,,,,4,,,,360
1269,,,,,,,,,,,,,4,,,,,,,,,,,,,1,36,390
127,,,,1,,,,,,4,,1,,,,,,,,1,,,,,,,,370
1270,,,,,4,,,,,,,,2,,,,,,,,,,,6,1,,41,300
1271,,,,,,,,1,2,,,3,,,,,,,,,,,,,,,63,330
1272,,,,,,1,,,,,,,2,,,,,,,1,,,,,,,,390
1273,,,,,,,,,,,,,2,,,,,,,,,,,4,,,68,360
1274,,,,,3,,,,,,,,,,,,,,,,,,,,,,,300
1275,,,,,,,,,,,39,3,4,,,5,,,,,,,,5,,,,480
1276,,,,,,,,,,,,,,,,,,,,,,,,,,,,260
1277,,,,,,,,,,,,,6,,,,,,2,,,,,,3,,,330
1278,,,,,,1,1,,,,41,1,2,,,,,,,1,,,,4,,,,330
1279,,,,,,1,,,,,,,2,,,,,,,1,,,,,,,,330
128,,,29,,,,,,,,,1,,,,,,,,,,,,,,,,330
1280,,,,,,,,,,,25,5,3,,,,,,2,,,,,,,,,500
1281,,,,,,,1,,,,24,,4,,,,,,,,,,,,,,,300
1282,,,,,,1,,,,,,,2,,,,,,1,,,,,6,1,,50,300
1283,,,,,,,,,,,,,3,,,,,,,,,,,4,,1,,360
1284,,,,,,,,,,,32,3,2,,,10,,,,,,,,6,,,,390
1285,,,,,,,1,,,1,,3,,,1,,,,,,,,,3,,,,335
1286,,,,,,,,,,,,,,,,,,,,,,,,,,,,200
1287,,,,,,,,,,,,,2,,1,,,,,,,,,,,,50,300
1288,4,,,,,,,,,3,,,,,,,,,,,,,,3,,,36,510
1289,,,,,4,1,,,,,,,3,,,,,,,1,,,,,1,,,280
129,,,,1,,,,,,,,,5,,,10,,,,,,,,,2,1,,420
1290,,,,,,,,,,,,,3,,,,,,,,,,,10,,,45,450
1291,,,,1,,1,,1,2,,,2,,,,5,,,,,,,,5,,,30,450
1292,3,,,2,,,1,,,4,,2,,,,,,,,,,,,,,,55,300
1293,,,,,,1,,,,,37,,2,,,,,,,1,,,,5,,,,240
1294,,,,,,,,,,2,,,,,,,,,,,2,,,,,,,290
1295,3,,,,,,,,,,,,3,,,,,,,,,,,4,,,48,320
1296,,,,,,,1,,,,,,,,,,,,1,,,,,4,,,,405
1297,,,,,,,1,,,,,3,3,,,,,,1,,,,,3,,,42,480
1298,,,,,,,,,,,,,,,,,,,,,,,,,,,,200
1299,,,,2,,,1,,,,51,,3,,,,,,1,,,,,,,,,300
13,,,,1,,,,,,,,,,,1,,,,,,,,,,,,,240
130,,,,1,2,,,,,2,,,,,,3,,,,,,,,5,,,,360
1300,,,,,,,,,,,,1,3,,,,,,,,,,,3,,2,42,345
1301,,,,,,,1,,,2,24,,,,2,,,,,,,,,4,1,2,,330
1302,,,,,4,,1,,,3,,2,,,,5,,,,,,,,5,,1,39,450
1303,,,,,,,1,,,,36,,3,,,,,,,,,,,,,1,,300
1304,,,,1,4,,1,,,,,,3,,,,,,,,,,,,,2,39,300
1305,,,,,,,,,,,,,4,,,,,,,,,,,6,,2,40,300
1306,,,,1,,,,,,,,1,3,,,5,,,,,,,,5,,2,,390
1307,,,,2,8,,,,,,,1,,,,10,,,,,,,,8,,,35,450
1308,,,,2,,1,,,,,,3,2,,,4,,,,1,,,,6,,,29,480
1309,,,,,3,,,,,,,,,,,,,,,,,,,,,,,300
131,,,,,,,,,,,,,1,,,2,,,,1,,,,2,,1,,390
1310,,,,,,,,,,,,,3,,2,,,,2,,,,,,,2,46,220
1311,,,,,11,1,,,,1,,,,,,,,,,1,,,,3,,2,,300
1312,,1,,,5,1,,,,,,,4,,,,,,,1,,,,,2,4,,240
1313,,,,,,,1,,,,,,3,,,,,,,,,,,6,1,1,38,230
1314,,,,,,,,,,,,,3,,,,,,1,,,,,,,2,61,270
1315,,,,,,,2,,,,,2,3,,,,,,,,,,,2,,,45,270
1316,,,,,,,1,,,,29,3,3,,,,,,,,,,,4,,1,,330
1317,,,,,3,,,,,,,,,,,,,,,,,,,,,,,300
1318,,,,1,7,,,,,,,,,,,1,,,,,,,,6,,1,,360
1319,,,,,,1,2,,,1,,,,,,,,,,1,,,,,1,1,42,240
132,,,,1,,,,,,3,,1,,,,,,,,1,,,,,,,,445
1320,,,,,,,1,,,,,,2,,2,,,,,,,,,4,,,,330
1321,,,,,4,,,,,,,,6,,,,,,,,,,,,3,6,,330
1322,,,,,,,1,,,,,,5,,,,,,,,,,,,1,,,390
1323,,,,1,,,2,,,,,2,2,,1,5,,,,,,,,5,,,,420
1324,,,,,6,1,2,,,,,,2,,,,,,,1,,,,,2,,41,320
1325,,,,1,,,,,,2,,,,,,,,,,,1,,,4,,,,210
1326,,,,,,1,2,,,,35,,4,,,,,,,1,,,,,3,,,360
1327,,,,1,5,,,,,2,,1,,,,6,,,,,,,,6,,,24,390
1328,,,,1,,1,,,,,,,3,,,,,,2,,,,,,,,37,360
1329,3,,,1,,,,,,,,,3,,,,,,,,,,,,,,56,305
133,,1,,1,,,,,,2,,,,,,10,,,,,,,,4,1,,,450
1330,,,,,9,,,,,,18,3,3,,,12,,,,,,,,8,,3,,460
1331,,,,,,,,,,,,,,,,,,,,,,,,,,,,260
1332,,,,1,,,1,,,,,,3,,1,,,,,,,,,,,2,52,250
1333,,,,,9,,,,,,,,3,,,,,,,,,,,,,1,50,310
1334,,,,1,,,1,,,4,35,,,,,,,,,,,,,5,,,,280
1335,,3,,,,1,,,,1,,1,,,,,,,2,1,,,,2,,2,42,300
1336,4,4,,1,,,1,,,,,,3,,1,,,,,,,,,,,3,53,250
1337,,3,,,5,,,,,,5,,2,,,,,,2,,,,,4,,3,42,280
1338,,,,,,1,,,,,,3,2,,,5,,,,,,,,5,,2,47,350
1339,,,,2,,,,,,,,,2,,,,,,,,,,,,,1,63,350
134,,,,1,2,,,,,,,,1,,,,,,,,,,,2,,,,310
1340,,,,1,,,2,,,,5,,,,,,,,,,,,,,,,39,180
1341,,,,,,,,,,,,,,,,,,,,,1,,,,,,,180
1342,,,,,,1,,,,2,,3,,,,10,,,2,1,,,,10,,,41,320
1343,,,,,3,,,,,,,,,,,,,,,,,,,,,,,300
1344,,,,,,,,,,,29,,2,,,,,,,,1,,,3,,,,180
1345,,,,1,,,2,,,,,,4,,,,,,,,,,,,,2,51,300
1346,,,,,,,1,,,,42,2,3,,,,,,1,,,,,4,,,,400
1347,,,,,,1,2,,,,,,3,,,,,,,1,,,,,,2,42,180
1348,4,,,1,,,,,,,,,3,,,,,,2,,,,,,,2,62,300
1349,,,,1,,1,,,,1,,,,,,,,,,1,,,,6,,,56,330
135,,,,2,3,,,,,3,,1,,,,8,,,,,,,,2,,2,,420
1350,,,,,,1,,,,1,,1,,,,6,,,,1,,,,6,,2,49,400
1351,,,,,,,,,,,,,,,,,,,,,,,,,,,,200
1352,,,,,,,,,,,,,,,,,,,,,1,,,,,,,210
1353,,,,,,1,2,,,,39,,2,,2,,,,,1,,,,,3,2,1,220
1354,3,,,,,,1,,,2,,1,,,2,,,,,,,,,4,,,53,220
1355,,,,,4,,1,,,,,,4,,,,,,,,,,,6,,2,48,510
1356,6,,,1,,,1,,,,,2,6,,,,,,,,,,,,,,52,450
1357,,,,1,,,,,,2,,,,,,,,,,,1,,,5,,,36,360
1358,,,,,,,,,,1,,,,,,,,,,,1,,,3,,,,260
1359,,,,,,1,2,,,,,,3,,,,,,,,,,,,2,,64,230
136,,,,,2,,,,,,,,,,,,,,,,1,,,2,,,,310
1360,,,,,,,1,,,,,2,4,,,10,,,,,,,,,,4,,380
1361,,,,,3,,,,,,5,1,,,,13,,,,,,,,,,,,390
1362,4,,,1,,1,1,,,,,,2,,,,,,,1,,,,,,2,49,180
1363,,,,,,,,,,,,1,,,,6,,,1,,,,,12,,,17,320
1364,,,,1,,1,,,,,,,1,,,,,,,1,,,,,,2,62,240
1365,,,,,,,1,,,4,22,,,,,,,,,,,,,5,2,,,300
1366,,,,,4,1,,,,1,,1,,,,,,,,1,,,,3,,,28,400
1367,,,,,,,,,,3,,1,,,,8,,,,,,,,6,,,,475
1368,,,,1,8,1,,,,,29,,3,,,,,,2,,,,,,,2,,270
1369,,,,1,12,,,,,,,,3,,,,,,,,,,,3,,2,,360
137,,,,1,,,,,,,,,,,,,,,,,1,,,,,,,330
1370,,,,,7,,,,,,,,4,,,,,,2,,,,,4,,2,26,350
1371,,,,,9,1,,,,,,,3,,,,,,2,1,,,,,1,,31,300
1372,,,,,,1,,,,,,3,2,,,10,,,2,1,,,,10,,,27,420
1373,,,,,3,,,,,,,,,,,,,,,,,,,,,,,300
1374,,,,,15,,,,,,,,,,,,,,1,,,,,,,2,41,300
1375,,,,,,,,,,,,,2,,,,,,,,,,,6,,1,38,330
1376,,,,1,,,,,,2,28,,,,,,,,,,,,,,,,,250
1377,,,,,,1,,,,,17,3,2,,,,,,2,,,,,,,,,320
1378,3,,,,,,,,,2,,,,,,,,,,,,,,,,,,180
1379,,,,,,,,,,3,,,,,,,,,1,1,,,,,1,,42,240
138,,,,1,,,,,,3,,1,,,,,,,,,1,,,,,,,415
1380,,,,,7,,,,,,25,,3,,,,,,1,,,,,4,,,,340
1381,,,,,,,2,,,5,32,,,,,,,,,,,,,,3,,,310
1382,,,,,,,,,,3,10,4,,,,,,,1,,,,,,,,,330
1383,,,,,,,,,,,,,,,,,,,,,,,,,,,,260
1384,,,,,,,,,,,,,4,,,,,,,,,,,,,2,52,180
1385,3,,,,,,,,,,,1,3,,,,,,1,,,,,2,,,34,345
1386,,,,,12,,1,,,4,,1,,,,,,,,,,,,5,,,25,180
1387,3,,,1,,1,,,,,36,1,2,,,,,,,1,,,,,,2,,450
1388,4,,,1,,,,,,,,,3,,,,,,,,,,,4,,2,47,240
1389,3,,,,3,,,,,4,39,2,,,,,,,1,,,,,,,,,350
139,,,,1,,,,,,,,2,3,,,,,,,,1,,,,,1,,430
1390,4,,,1,12,,,,,,25,,3,,,,,,,,,,,2,,,,310
1391,,,,,,,,,,,,,4,,,,,,,,,,,,,4,52,360
1392,3,,,,13,,,,,4,21,,,,,,,,2,,,,,5,2,,,400
1393,3,,,,,1,,,,,35,,3,,1,,,,,1,,,,,3,,,440
1394,,,,1,,1,,,,1,31,4,,,,,,,,1,,,,,,,,420
1395,,,,,,,,,,,,,,,,,,,,,,,,,,,,290
1396,3,,,1,,,,,,,,2,,,,,,,,,,,,3,,,42,410
1397,,,,1,,,,,,,,,,,,,,,,,,,,,,,,290
1398,,,,1,,,,,,5,,1,,,,,,,,,,,,,,,32,330
1399,,,,,,,,,,3,,,,,,,,,,,,,,5,,,37,360
14,,,,1,,,,,,,,1,,,,,,,,,,,,,,,,345
140,,,,,3,,,,,3,,3,,,,,,,,,,,,3,,,,465
1400,3,,,,,,,,,2,,,,,,,,,,,,,,,,,41,300
1401,,,,,,,,,,2,25,,,,,,,,,,,,,4,,,,300
1402,,,,,,,,,,3,,,,,,,,,,,,,,,,,,330
1403,,,,,,,,,,4,15,,,,,,,,,,,,,,1,,,360
1404,,,,1,,,,,,3,,3,,,,10,,,,,,,,10,,,,450
1405,,,,,,,,,,,,,,,,,,,,,,,,,,,,220
1406,,,,2,,,,,,3,,,,,,,,,,,,,,3,,,36,300
1407,,,,,,,,,,1,,1,,,,10,,,,,,,,6,,,24,430
1408,3,,,1,,,,,,3,,,,,,,,,,,,,,,,,24,300
1409,,,,,,,,,,2,,,,,,,,,,,,,,,,,,230
141,,,,1,3,,,,,,,,2,,,,,,,,,,,,,1,,320
1410,,,,,,,,,,,,,3,,,,,,,,,,,5,,,47,260
1411,,,,,,,,,,,,1,3,,,10,,,,,,,,3,,,37,230
1412,,,,,,,,,,,,,3,,,,,,,,,,,,,1,44,260
1413,,,,,,,,,,,,,2,,,,,,,,,,,,,,43,220
1414,,,,,,,,,,,,,3,,,,,,,,,,,3,,,49,260
1415,,,,,,,,,,,,3,3,,,,,,,,,,,3,,,47,230
1416,,,28,,,,,,,,,,,,,,,,,,,,,,,,,300
1417,,,,,3,,1,,,,,,5,,,,,,,,,,,,,3,34,220
1418,,,,,,,,,,,,,,,,,,,,,,,,,,,,320
1419,,,,1,,,,,,,,1,3,,,7,,,,,,,,,,,40,270
142,,,,,3,,,,,4,,,,,,,,,,1,1,,,,,,,365
1420,,,,,,1,,,,,17,,3,,,,,,,1,,,,,2,,,360
1421,,,,,,,,,,,23,1,3,,,,,,,,,,,4,,,,390
1422,,,,,,,,,,3,,3,,,,20,,,2,,,,,4,,,19,450
1423,,,,,6,,,,,,15,,4,,,,,,2,,,,,,,,,300
1424,,,,,,,,,,,,,4,,,,,,,,,,,,,,35,320
1425,,,,1,,,,,,,20,,3,,,,,,,,,,,5,,,,360
1426,,,,,,,,,,,,1,1,,,10,,,,,,,,8,,,,510
1427,,,,1,,,,,,3,20,3,,,,10,,,1,,,,,,,,,510
1428,,,,,,,,,,,,,,,,,,,,,,,,,,,,300
1429,,,,,,,,,,,,,,,,,,,,,,,,,,,34,300
143,,1,,1,1,,,,,,,,1,,,,,,,,,,,3,,1,,390
1430,,,,,,,,,,,35,,2,,,,,,,,,,,,,,,300
1431,,,,,,,,,,,25,,2,,,,,,,,,,,4,,,,300
1432,,,,,,,,,,,12,,3,,,,,,,,,,,4,,,11,300
1433,,,,,,,,,,3,,,,,,,,,,,,,,3,,,18,390
1434,,,,,,,1,,,,19,3,3,,,,,,,,,,,,,,,450
1435,,,,,,,,,,,21,3,3,,,,,,2,,,,,,,,,500
1436,,,,1,,,,,,,23,,3,,,,,,,,,,,2,,2,,360
1437,,1,,,,,,,,3,12,2,,,,,,,2,,,,,,,,,330
1438,,,,1,,,,,,2,,,,,,,,,,,,,,3,,,43,330
1439,,,,1,,1,,,,2,,,,,,,,,,1,,,,3,2,,,390
144,,,,,2,,,,,3,,,,,,,,,,,1,,,,1,,,470
1440,,,,,,,,,,,20,1,3,,,,,,,,,,,2,,,,430
1441,,,,1,,,,,,,,2,3,,,5,,,2,,,,,5,,,13,420
1442,,,,,,,,,,,,,,,,,,,,,,,,,,,,300
1443,,,,1,12,,,,,,,,3,,,,,,,,,,,,,2,,180
1444,,,,1,,1,,,,,21,,2,,,,,,,1,,,,6,,,,320
1445,,,,,,1,,,,,34,2,2,,1,,,,,1,,,,,,,,300
1446,,,,,,,,,,,20,1,5,,,,,,,,,,,,,,,330
1447,,,,1,,,1,,,3,,,,,,,,,,,,,,,,,29,200
1448,,,,,,,,,,2,,,,,,,,,,,,,,3,,,33,180
1449,,,,,,,1,,,6,,2,,,,,,,,,,,,,,,21,240
145,,,,1,3,,,,,,,,4,,,,,,,,,,,,,,,380
1450,,,,,,,,,,,,1,3,,,,,,,,,,,4,,3,27,320
1451,,1,,,4,,,,,,18,2,3,,,,,,1,,,,,,,,,400
1452,,1,,,5,,,,,,29,,2,,,,,,,,,,,,,2,,275
1453,,,,,,,,,,,,1,3,,,6,,,,,,,,6,,2,,300
1454,,,,,3,,,,,,,,,,,,,,,,,,,,,,,300
1455,,,,1,,,,,,,,,2,,,,,,,,,,,6,,1,,300
1456,,,,,12,,,,,,,,5,,,,,,,,,,,,,,,300
1457,,,,,,,,,,3,,2,,,,10,,,,,,,,2,,,,450
1458,,,,,5,,1,,,,,1,5,,,,,,,,,,,,,,,330
1459,,,,,10,,,,,,,,5,,,,,,,,,,,,,2,,300
146,,,,1,2,,,,,3,,,,,,10,,,,,,,,,2,1,,415
1460,,,,,,,,,,,,2,3,,,,,,2,,,,,,,,19,390
1461,,,,,,,2,,,2,19,3,,,,2,,,,,,,,,,,,450
1462,,,,,,,,,,,,,,,,,,,,,,,,,,,,300
1463,3,,,,8,,,,,,,,,,,,,,,,,,,,,2,41,300
1464,,,,,,1,,,,4,,,,,,,,,2,1,,,,,2,,17,330
1465,,,,,,,1,,,3,,,,,,,,,,,,,,3,,,30,360
1466,,,,,,,,,,,,,3,,,,,,,,1,,,,,,,420
1467,,,,1,,,,,,2,,,,,,,,,,,1,,,5,,,,360
1468,,,,,10,,1,,,4,13,,,,,,,,,,,,,,,,,180
1469,,,,,,,1,,,4,,,,,,,,,,,,,,5,,,24,360
147,,,,1,3,,,,,1,,,,,,,,,,,1,,,,,,,330
1470,,,,,,,2,,,5,,,,,,,,,,,,,,,,,34,400
1471,,,,,,,,,,3,,1,,,,8,,,,,,,,4,,,32,420
1472,,,,,,,,,,,,,,,,,,,,,,,,,,,,300
1473,,,,,,,,,,2,,,,,,,,,,,1,,,4,,,,180
1474,,,,,,,,,,3,,,,,,,,,1,,,,,,,2,36,330
1475,,,,,,1,,,,1,,,,,,,,,1,1,,,,6,,,30,330
1476,,,,,,1,,,,4,,,,,,,,,2,1,,,,,2,,34,390
1477,,,,1,10,,1,,,,,1,3,,,,,,,,,,,4,,,36,270
1478,2,,,1,,,,,,,,3,3,,,24,,,1,,,,,,,,24,460
1479,,,,,,1,,,,,,1,4,,,,,,1,1,,,,,,2,18,350
148,,,,1,,,,,,,,2,3,,,,,,,,,,,2,,,,390
1480,,,,,,,,,,2,,,,,,,,,,,1,,,4,,,,450
1481,,,,,,,,,,2,,,,,,,,,,,1,,,6,,,,460
1482,,,,,6,1,1,,,,21,,3,,,,,,,,,,,4,2,,,510
1483,,,,1,,1,1,,,,,2,2,,,5,,,,1,,,,7,,,16,440
1484,,,,,3,,,,,,,,,,,,,,,,,,,,,,,300
1485,,,,,,,,,,,,,,,,,,,,,1,,,,,,36,300
1486,,,,,,,,,,,,,3,,,,,,,,,,,,,,54,280
1487,,,,1,,,1,,,,28,,3,,,,,,,,,,,,,1,,360
1488,,,,,5,,,,,,,3,4,,,12,,,,,,,,8,,,12,360
1489,,2,,,6,1,,,,,,,2,,,,,,,1,,,,,,,36,300
149,,,,1,,,,,,,,3,2,,,,,,,1,,,,4,,1,,395
1490,,1,,,6,,,,,,,,4,,,,,,1,,,,,,,2,,300
1491,,,,,,1,2,,,2,,,,,,,,,,1,,,,4,,,33,360
1492,,,,1,,1,1,,,1,,1,,,,,,,,1,,,,3,,,26,390
1493,,,,,8,,,,,,,1,3,,,6,,,,,,,,6,,,31,420
1494,,,,,3,,,,,,,,,,,,,,,,,,,,,,,300
1495,,,,,4,,,,,,,,3,,,,,,2,,,,,,,,20,300
1496,3,1,,,7,,,,,,,,,,,,,,2,,,,,5,,,19,325
1497,,,,1,,,,,,3,,2,,,2,,,,2,,,,,,,,19,330
1498,,,,,8,,1,,,4,,,,,,,,,,,,,,4,,,21,300
1499,2,,,,,,,,,4,29,,,,,,,,,,,,,,,,,300
15,,,,,,,,,,1,,2,,,,,,,,,,,,,,,,350
150,,,,1,,,,,,,,,2,,,,,,,,,,,,2,,,410
1500,,,,,,,1,,,,20,1,6,,,,,,,,,,,,,,,380
1501,,,,,,1,,,,,4,2,3,,1,,,,,1,,,,,,,23,200
1502,4,1,,,8,,,,,,,,4,,,,,,,,,,,,,1,27,180
1503,,,,1,,,,,,,,,4,,,,,,,,,,,5,,,22,340
1504,,,,,,1,,,,,34,,1,,,,,,,1,,,,6,,,,300
1505,,,,1,,,1,,,3,,3,,,,,,,,,,,,,,,,330
1506,,,,,,,,,,,,,,,,,,,,,,,,,,,,300
1507,4,,,,,,,,,,,1,,,,6,,,1,,,,,8,,,34,420
1508,,,,,,,1,,,,26,,3,,,,,,1,,,,,,,,,200
1509,,,,,,1,,,,,,,4,,,,,,,1,,,,,1,,23,300
151,,,31,,12,,,,,,,,,,,,,,,,,,,,,,,290
1510,,,,,4,1,,,,,,1,1,,,,,,,1,,,,12,,,35,330
1511,,,,1,,1,,,,,,,2,,,,,,,,,,,,,,27,220
1512,,,,1,,,,,,,,,4,,,,,,,,,,,,,2,24,220
1513,,,,,,,,,,,,,4,,,,,,,,,,,5,,,23,280
1514,,,,1,7,1,,,,,,2,1,,,,,,1,1,,,,,,,31,350
1515,,,,,6,,1,,,3,22,3,,,,,,,1,,,,,4,,,,360
1516,,,,,3,,,,,,,,,,,,,,,,,,,,,,,300
1517,,,,,,,1,,,4,,,,,,,,,1,,,,,,,,34,200
1518,,,,,3,,,,,,,,,,,,,,,,,,,,,,,300
1519,,,,1,6,,1,,,,,,2,,,,,,1,,,,,6,,,32,220
152,,,,,3,,,,,,,,3,,,,,,,,1,,,4,,,,280
1520,,3,,,,1,,,,,3,,3,,,,,,,1,,,,,1,,30,320
1521,4,,,,,,,,,,,,3,,,4,,,,,,,,2,1,,24,280
1522,,,,,,,1,,,2,,2,,,,10,,,1,,,,,4,,,18,280
1523,,3,,1,,1,,,,,,,2,,,,,,,1,,,,5,,,35,240
1524,,,,,,,1,,,4,,1,,,,4,,,1,,,,,,,,29,270
1525,,,,,,,,,,,39,,3,,,,,,,,,,,,,,,260
1526,,,,,,,1,,,3,16,3,,,,,,,1,,,,,4,,,,280
1527,,,,,3,,,,,,5,1,,,,13,,,,,,,,,,,,390
1528,,,,1,,1,1,,,2,,,,,,,,,1,,,,,,,,27,260
1529,,,,2,,,1,,,,,,,,,,,,1,,,,,,,1,37,300
153,,1,,1,5,,,,,1,,,,,,,,,,1,,,,4,,,,255
1530,,,,,,,2,,,6,,,,,,,,,,,,,,,3,,24,290
1531,,,,2,,,,,,3,,,,,,3,,,,,,,,,,,30,480
1532,,,,,,1,2,,,1,29,2,,,,10,,,,1,,,,3,,,,310
1533,3,,,,,,,,,,,3,3,,,20,,,,,,,,4,,,54,540
1534,,2,,1,10,,,,,4,,,,,,,,,,,,,,,,,36,390
1535,,,,,,,,,,3,,,,,,,,,,,,,,5,,,40,400
1536,,,,,,,,,,4,,,,,,,,,2,,,,,,,,36,470
1537,,,,1,16,,,,,3,,,,,,,,,,,,,,6,,,52,480
1538,,,,,,1,,,,,,3,2,,,,,,,,,,,4,,,28,540
1539,,,30,,,,,,,,,,,,,,,,,,,,,,,,,260
154,,1,,,,,,,,3,,,,,,,,,,1,,,,,1,,,335
1540,,,,1,,,,,,,21,3,3,,,14,,,,,,,,6,,,,355
1541,,,,,,,,,,2,27,,,,,,,,,,1,,,,,,,320
1542,,,,,,,,,,,,,3,,,,,,,,1,,,,,,,240
1543,,2,,1,,,,,,,29,2,3,,,,,,,,,,,,,,,390
1544,,,,,,,,,,2,,,,,,,,,,,,,,4,,,41,320
1545,,,,,,,,,,,,,3,,,,,,,,,,,4,1,,30,360
1546,,,,,12,,,,,,7,3,2,,,,,,1,,,,,3,,,18,450
1547,,,,1,,,,,,,,,2,,,,,,,,,,,,,2,30,300
1548,,,,,,,,,,,,,3,,,,,,,,,,,6,,,24,270
1549,,,,,,1,,,,,,,3,,1,,,,,1,,,,4,,,24,450
155,,,,,3,,,,,,,,,,,,,,,,,,,4,2,,,400
1550,,,,1,,,,,,,,,3,,,,,,,,,,,,,,24,360
156,,,,,,,,,,,,,2,,,,,,,1,1,,,,,,,290
157,,,,1,2,,,,,,,,2,,,,,,,1,,,,,,,,310
158,,,,,,,,,,2,,,,,,2,,,,,,,,5,,,,345
159,,,,,4,1,,,,2,,,,,,9,,,,,,,,3,1,,,320
16,,,,1,,,,,,,,3,,,,,,,,,,,,,,,,320
160,,,,,,,,,,2,,1,,,,10,,,,,,,,4,,,,410
161,,,,,5,,,,,,,,3,,,,,,,,,,,,,,,325
162,,1,,1,4,,,,,1,,,,,,,,,,,1,,,,,,,150
163,,,,1,,,,,,3,,2,,,,,,,,,,,,,,,,385
164,,,,,3,,,,,,,,3,,,,,,,,,,,,,,,330
165,,,,,3,,,,,3,,,,,,,,,,1,,,,,,,,310
166,,,,,8,,,,,,,,2,,,,,,,,1,,,3,,,,300
167,,,,,2,1,,,,3,,,,,,,,,,,,,,,,,,325
168,,,,,,,,,,,,2,4,,,,,,,,,,,,,,,340
169,,,,,3,,,,,3,,3,,,,,,,,,,,,,,,,380
17,,,,1,,,,,,,,,,,1,1,,,,,,,,,,,,300
170,,,,,,,,,,1,,5,,,,,,,,,,,,,,,,380
171,,,,1,,,,,,,,,,,,,,,,,,,,,,,,330
172,,,,1,3,,,,,2,,,,,,,,,,,,,,,,,,365
173,,,,1,,,,,,1,,,,,,2,,,,,,,,2,,,,370
174,,,,1,,,,,,,,,,,1,,,,,,,,,,,,,310
175,,,,1,3,,,,,2,,,,,,2,,,,,,,,2,,,,360
176,,,,,3,,,,,,,,2,,,2,,,,,,,,3,,,,390
177,,,,,4,,,,,,,,3,,,,,,,,,,,,,,,340
178,,,,,3,,,,,,,,3,,,2,,,,,,,,4,,,,375
179,,,30,,,,,,,,,,,,,,,,,,,,,,,,,300
18,,,,1,,,,,,,,,,,,,,,,,,,,1,,,,275
180,,,,,,,,,,,,,,,2,,,,,,,,,,,,,330
181,,1,,1,,,,,,2,,,,,,,,,,,,,,,,,,330
182,,1,,,,,,,,4,,,,,,2,,,,,,,,2,,,,340
183,,,,1,4,,,,,,,,3,,,6,,,,,,,,,,,,350
184,,1,,1,3,,,,,1,,,1,,,10,,,,,,,,8,1,,,480
185,,2,,1,,,,,,1,,,,,,,,,,1,,,,,,,,330
186,,,,,,,,,,6,,1,,,,,,,,,,,,,,,,360
187,,,,,4,1,,,,,,,,,,,,,,1,,,,4,,,,330
188,,,,,,1,,,,,,,1,,,,,,,1,,,,5,1,,,430
189,,,,,5,,,,,,,,3,,,,,,,,,,,2,1,,,400
19,,,,1,,,,,,3,,,,,,1,,,,,,,,1,,,,330
190,,1,,,2,,,,,,,,3,,,20,,,,,,,,4,2,,,505
191,,,,,,,,,,,,,,,,,,,,,,,,,,,,150
192,,,,1,3,,,,,3,,,,,,,,,,,,,,,,,,350
193,,,,,,,,,,1,,,,,,,,,,1,,,,2,,,,310
194,,,,,,,,,,3,,2,,,,,,,,,,,,2,,,,450
195,,,,,,1,,,,1,,3,,,,,,,,1,,,,3,,,,500
196,,,,,2,,,,,,,,,,,,,,,1,,,,,,,,330
197,,,,,,1,,,,1,,,,,,,,,,1,,,,3,,,,400
198,,,,1,,,,,,,,,3,,,,,,,,,,,,1,,,425
199,,,,,2,,,,,,,,4,,,5,,,,,,,,5,1,,,380
2,,,,,,,,,,,,,,,,,,,,,,,,,,,,310
20,,,,,,,,,,1,,,,,,,,,,,,,,,,,,260
200,,,,,,1,,,,,,,,,,,,,,1,,,,6,1,,,425
201,,,,,,,,,,,,,5,,,,,,,,,,,,,,,310
202,,,,,,,,,,,,,,,1,,,,,,,,,3,,,,365
203,,,,,2,,,,,,,,,,2,,,,,,,,,4,,1,,260
204,,,,,,,,,,,,,,,3,,,,,,,,,4,1,,,360
205,,,28,,,,,,,,,,,,,,,,,,,,,,,,,260
206,,,,,,1,,,,,,2,,,2,,,,,1,,,,,,,,340
207,,,,,,1,,,,,,3,,,1,,,,,1,,,,,,,,360
208,,3,,1,,,,,,,,3,4,,,,,,,,,,,,,,,380
209,1,2,,,3,,,,,,,,,,,,,,,,,,,,,,,300
21,,,,1,,,,,,,,,,,,,,,,,,,,1,,,,300
210,3,,,1,2,,,,,,,,2,,,,,,,,,,,,,,,385
211,3,,,,3,,,,,,,,,,3,,,,,,,,,,,,,290
212,2,,,1,4,,,,,1,7,,3,,,,,,,1,,,,,,,,370
213,,,31,,,,,,,,,,,,,,,,,,,,,,,,,290
214,,,,,4,,,,,1,8,3,,,,,,,,,,,,3,,,,375
215,2,,,,12,1,,,,,7,,3,,,4,,,,,,,,,,,,425
216,1,,,,2,1,,,,,2,,,,,10,,,,,,,,8,1,,,480
217,,,,1,2,1,,,,1,6,,,,,7,,,,1,,,,,,,,380
218,4,,,1,5,,,,,3,12,,,,,,,,,,,,,,,1,,315
219,,,,,5,1,,,,2,,1,,,,,,,,,,,,,,,,250
22,,,,1,,,,,,2,,,,,,,,,,,,,,,,,,275
220,3,,,1,1,,,,,,2,,,,,,,,,1,,,,,,,,240
221,,,,1,,,,,,1,,2,,,,,,,,,,,,11,,,,360
222,3,,,1,,1,,,,,,,,,,,,,,1,,,,,,,,330
223,,,,,,1,,,,1,,1,,,,2,,,,1,,,,,,,,330
224,,,,,3,1,,,,,,3,2,,,,,,,,,,,3,,,,470
225,,,,,,,,,,2,,1,,,,,,,,,,,,7,,,,470
226,,,29,,,,,,,,,,,,,,,,,,,,,,,,,280
227,3,,,1,6,,,,,,2,,2,,,,,,,,,,,,,1,,330
228,,,,,,1,,,,1,,1,2,,,,,,,,,,,,,,,470
229,,,,,,1,,,,,,2,2,,,,,,,,,,,,,,,440
23,,,,1,,,,,,2,,1,,,,2,,,,,,,,,,,,320
230,3,,,1,,1,,,,,,,1,,,,,,,,,,,,,1,,330
231,,,,,,1,,,,,,,2,,,,,,,1,,,,,,,,330
232,2,,,1,2,,,,,,3,,2,,,,,,,,,,,,,1,,310
233,,,,,1,1,,,,,1,,1,,,5,,,,1,,,,,,1,,355
234,,,,,,,,,,2,,,,,,5,,,,,,,,9,1,,,430
235,,,30,,,,,,,,,,,,,,,,,,,,,,,,,220
236,,,,2,1,1,,,,,,,1,,,,,,,1,,,,,,,,330
237,,,,,,,,,,,,,3,,,,,,,,,,,10,2,,,400
238,,,,,,,,,,,,2,2,,,,,,,1,,,,,,,,435
239,2,,,1,5,,,,,,3,,3,,,,,,,,,,,,,1,,270
24,,,,1,,,,,,1,,1,,,,,,,,,,,,,,,,420
240,,,,1,,,,,,,,,2,,,,,,,,,,,4,,,,330
241,,,,,1,1,,,,1,,,,,,,,,,,,,,6,,,,360
242,,,,1,,,,,,,,,2,,,,,,,,,,,,,,,305
243,,,26,,,,,,,,,,,,,,,,,,,,,,,,,240
244,,,,,,,,,,,,,5,,,,,,,,,,,,,2,,295
245,,,,1,,,,,,,,,,,1,,,,,,,,,3,,,,320
246,,,,,1,,,,,,,,2,,,,,,,,,,,5,,,,420
247,,,,,1,,,,,,,,2,,,,,,,,,,,,,1,,295
248,,,,,1,,,,,,,,2,,1,,,,,,,,,,,,,380
249,,,,,2,,,,,,,3,2,,,,,,,,,,,,,,,380
25,,,,1,,,,,,2,,3,,,,,,,,,,,,,,,,350
250,,,,,2,,,,,,,3,2,,1,,,,,,,,,4,,,,385
251,,,28,,,,,,,,,,,,,,,,,,,,,,,,,300
252,,,,,1,,,,,,,,3,,,,,,,,,,,5,,1,,360
253,,,,1,,,,,,2,,,,,,,,,,,,,,,,,,150
254,,,,1,2,,,,,,5,,,,,,,,,,,,,,1,,,320
255,,,,,2,,,,,2,5,,,,,,,,,,,,,9,2,,,440
256,,,,,,,,,,3,4,,,,,,,,,,,,,,,,,250
257,,,,,1,,,,,,4,,3,,,,,,,,,,,,,2,,330
258,,,,,1,,,,,,5,,3,,,,,,,,,,,,,,,330
259,,,,,7,,,,,,,,,,3,,,,,,,,,4,1,,,360
26,,,,1,,,,,,2,,,,,,,,,,,,,,,,,,330
260,,,,,4,,,,,,8,,1,,,,,,,,,,,16,1,,,400
261,,,,1,,,,,,,1,,,,,,,,,,,,,,,,15,310
262,,,,,2,,,,,,4,,3,,,,,,,,,,,,,,19,350
263,,,,,1,1,,,,,2,,2,,,10,,,,,,,,,1,,25,390
264,,,,1,,,,,,,3,,1,,,,,,,,,,,,,,32,310
265,,,,,,1,,,,,4,,2,,,,,,,,,,,4,,,26,310
266,,,,,2,,,,,,,2,2,,,,,,,,,,,,,,30,410
267,,,,,,,,,,,1,3,3,,,,,,,,,,,,,,42,380
268,,,,,,1,,,,,4,4,2,,,,,,,,,,,,,,11,370
269,,,28,,,,,,,,,,,,,,,,,,,,,,,,,300
27,,,,1,,,,,,2,,,,,,,,,,,,,,1,,,,220
270,,,,,,,,,,,5,,2,,,,,,,,,,,3,,,32,330
271,,,,,,,,,,4,3,,,,,,,,,,,,,,,2,15,310
272,,,,1,,,,,,,2,,3,,,,,,,,,,,,,,28,305
273,,,,2,,,,,,2,5,,,,,,,,,,,,,,,,,270
274,,,,,,,,,,,5,,3,,,5,,,,,,,,5,1,1,32,425
275,,,,2,,,,,,,5,,3,,,,,,,,,,,,,,,345
276,,,,,3,,,,,,,,3,,,,,,,,,,,4,,1,11,310
277,,,,1,4,,,,,,3,1,2,,,,,,,,,,,3,,1,10,275
278,,,,1,3,,,,,,5,3,2,,,,,,,,,,,4,,,,495
279,,,,,3,,,,,,2,,2,,,,,,,,,,,9,1,,,390
28,,,,,,,,,,,,,,,,,,,,,,,,,1,,,315
280,,,31,,,,,,,,,,,,,,,,,,,,,,,,,320
281,,,,1,,1,,,,,9,,1,,,,,,,1,,,,,,,,330
282,,,,,,1,,,,,3,,2,,,,,,,1,,,,10,1,,21,380
283,,,,,,1,,,,,3,,1,,,,,,,1,,,,20,2,,,400
284,,,,1,,1,,,,,6,,,,,,,,,1,,,,5,2,,,380
285,,,,,,,,,,,4,,3,,,,,,,,,,,,,,,290
286,,2,,2,,,,,,,,,2,,,,,,,,,,,5,,1,,330
287,,1,,1,,,,,,,3,,2,,,,,,,,,,,,,,,180
288,,,,,,,,,,,3,,3,,,,,,,,,,,20,2,,,400
289,,,31,,6,,,,,,,,,,,,,,,,,,,,,,,300
29,,,,,,,,,,3,,,,,,,,,,,,,,,1,,,320
290,,,,,,,,,,,4,2,3,,,,,,,,,,,,,1,,375
291,,,,,,,,,,,4,3,3,,,,,,,,,,,,,,,340
292,,,,2,5,,,,,,4,,2,,,,,,,,,,,4,,,,270
293,,,,2,4,,,,,,2,,3,,,,,,,,,,,,,1,,290
294,,,,,4,,,,,3,5,,,,,,,,,,,,,,,1,,330
295,,,,,,,,,,,6,,2,,,5,,,,,,,,5,2,,,390
296,,,,,2,,,,,,4,,3,,,,,,,,,,,14,1,,,380
297,,,,2,3,,,,,,5,,1,,,,,,,,,,,,,,,365
298,,,,1,3,,,,,,5,,1,,,,,,,,,,,,,,,305
299,,,,,2,,,,,,5,,1,,,5,,,,,,,,7,1,,,365
3,,,,1,,,,,,,,,,,,,,,,,,,,,,,,360
30,,,30,,,,,,,,,,,,,,,,,,,,,,,,,285
300,,,,,,,,,,,,,,,,,,,,,,,,,,,,300
301,,,,1,3,,,,,4,,1,,,,5,,,,,,,,,,,,440
302,,,,,3,,,,,4,5,1,,,,,,,,,,,,3,,,,330
303,,,,2,3,,,,,3,4,,,,,10,,,,,,,,,2,,,530
304,,,,,8,,,,,2,5,,,,,,,,,,,,,,,,,300
305,,,,,5,,,,,4,,,,,,,,,,,,,,,,,,330
306,,,,1,10,,,,,4,,1,,,,,,,,,,,,6,,,,460
307,,,,1,,,,,,3,,1,,,,5,,,,,,,,5,,,,510
308,,,,1,,1,,,,,5,,,,,6,,,,1,,,,,,,,410
309,,,,,2,,,,,,8,,3,,,5,,,,,,,,5,1,,,430
31,,,,1,,,,,,3,,,,,,3,,,,,,,,1,,,,310
310,,,,,3,,,,,,5,1,,,,13,,,,,,,,,,,,390
311,,1,,,2,,,,,,4,,3,,,,,,,,,,,,,,,300
312,,,,,,,,,,3,,,,,,3,,,,,,,,,,,,330
313,,,,,4,,,,,,,,5,,,,,,,,,,,,,,,360
314,,,,,7,,,,,,,,4,,,,,,,,,,,6,,,,290
315,,,,1,4,,,,,,,,,,3,,,,,,,,,,,,,360
316,,,,,5,,,,,,,1,,,3,,,,,,,,,2,,,,450
317,,,,,,1,,,,1,,3,,,,4,,,,1,,,,,,,,400
318,,,,,,,,,,,,,,,,,,,,,,,,,,,,300
319,,,,,13,,,,,,,,,,,,,,,,,,,,,,,310
32,,,,,,,,,,3,,,,,,5,,,,,,,,,,,,240
320,,,,,,,,,,,,,,,,,,,,,,,,,,,,300
321,,,,1,,,,,,4,,,,,,,,,,,,,,5,,,,330
322,,,,,,,,,,6,,1,,,,,,,,,,,,,,,,360
323,,,,,2,,,,,5,,,,,,,,,,,,,,,1,,,360
324,,,,,2,,,,,1,,,,,3,10,,,,,,,,,1,,,390
325,,,,1,3,1,,,,,,,,,1,,,,,1,,,,,,,,280
326,,,,1,,1,,,,,,,1,,,,,,,1,,,,4,,,,195
327,,3,,,,,,,,,,,4,,,,,,,,,,,,,,,370
328,,1,,1,3,1,,,,,,,,,,8,,,,1,,,,4,1,,,410
329,,,,,6,,,,,,,,6,,,,,,,,,,,,,,,310
33,,,,1,,,,,,3,,1,,,,,,,,,,,,,,,,375
330,,,,,,,,,,,,,,,,,,,,,,,,,,,,300
331,,,,,3,,,,,3,,,,,,20,,,,,,,,,2,,,340
332,,,,,,,,,,,,,,,,,,,,,,,,,,,,300
333,,2,,1,3,,,,,4,,,,,,,,,,,,,,,,,,300
334,,,,1,6,,,,,1,,,,,2,,,,,,,,,,,,,330
335,,2,,1,2,,,,,,,,2,,2,,,,,,,,,5,,,,340
336,,,,,,,,,,,,1,4,,,,,,,,,,,3,,,,420
337,,4,,1,,1,,,,,,,1,,1,,,,,1,,,,,,,,270
338,,,,,,1,,,,,,,,,,,,,,1,,,,4,,,,340
339,,,,,7,,,,,,,,,,,7,,,,,,,,3,1,,,330
34,,,,2,,,,,,,,,,,,,,,,,,,,,,,,285
340,,,,1,6,1,,,,,,,,,1,,,,,,,,,,,,,300
341,,,,,3,1,,,,,2,,2,,,7,,,,,,,,9,1,,,400
342,,,,,,,,,,,,,,,,,,,,,,,,,,,,220
343,,2,,1,4,,,,,,,3,4,,1,12,,,,,,,,8,,,,360
344,,,,,,,,,,,,,,,,,,,,,,,,,,,,260
345,,,,,4,1,,,,,,,4,,,,,,,,,,,,1,,,360
346,,2,,1,,1,,,,,,2,1,,,,,,,1,,,,,,,,360
347,,1,,1,4,1,,,,,,3,2,,,,,,,,,,,,,,,330
348,,1,,1,3,,,,,,,,4,,,,,,,,,,,,,,,330
349,,,,,3,,,,,,,,4,,,,,,,,,,,4,,,,400
35,,,,1,,,,,,,,3,,,,,,,,,,,,,,,,360
350,,,,,,1,,,,,,,1,,,,,,,1,,,,,,,,270
351,,,,,,1,,,,,,,,,,,,,,1,,,,6,,,,350
352,,,,,,,,,,,,4,1,,1,,,,,,,,,2,,,,330
353,,,,,1,,,,,,,,1,,1,,,,,,,,,8,,,,330
354,,,,,3,,,,,,,,,,,,,,,,,,,,,,,300
355,,,,,,,,1,4,,,,,,1,,,,,,,,,,,,,330
356,,,,,,1,,,,,,,2,,,,,,,1,,,,4,,,,270
357,,,,,,1,,,,,,,1,,,,,,,1,,,,3,,,,330
358,,,,,,1,,,,,,3,2,,,10,,,,1,,,,,,,,400
359,,,,1,,1,,,,,,,1,,,,,,,1,,,,,,,,280
36,,,,,,,,,,4,,3,,,,,,,,,,,,,,,,385
360,,,,1,,1,,,,,,,1,,,,,,,1,,,,,,,,280
361,,,,2,,,,,,,,,,,,,,,,,,,1,1,,,,400
362,,,,1,,1,,,,,,,,,,,,,,,,,1,5,,,,300
363,,,,,,,,,,,,,6,,,,,,,,,,1,1,1,,,330
364,,,,,,,,,,,,4,3,,,,,,,,,,,4,,,,360
365,,,,,3,,,,,,,,,,,,,,,,,,,,,,,300
366,,,,,,,,,,,,2,3,,,10,,,,,,,,10,,,,380
367,,,,,,,,,,,,,4,,,,,,,,,,2,2,,,,330
368,,,,,,,,,,,,2,2,,,10,,,,,,,2,2,,,,360
369,,,,,,,,,,,,,,,,,,,,,,,3,3,,,,280
37,,,,,,,,,,3,,,,,,20,,,,,,,,,2,,,355
370,,,,,,1,,,,,,,1,,1,4,,,,,,,1,1,,,,305
371,,,,,,,,,,,,,3,,,,,,,,,,,,,,,300
372,,,,1,,,,,,,,2,3,,,5,,,,,,,,5,,,,400
373,,,,1,3,,,,,,,,1,,,5,,,,,,,,5,2,,,380
374,,,,,5,,,,,,,,,,,,,,,,,,,,,,,300
375,,,,,,1,,,,,4,2,2,,,,,,,,,,1,3,,,,400
376,,,,1,,,,,,,5,2,5,,,,,,,,,,,,,,,450
377,,,,,4,,,,,,3,2,3,,,,,,,,,,,6,,,,420
378,,,,,,,,,,,,4,2,,,,,,,,,,,3,,,,460
379,,,,,,,,,,,3,,4,,,,,,,,,,,5,1,,,365
38,,,,1,,,,,,,,,,,,,,,,,,,,,,,,320
380,,,,,,1,,,,,4,,,,,,,,,1,,,4,4,,,,420
381,,1,,,,1,,,,,4,4,3,,,,,,,,,,,,,,,500
382,,,,,1,,,,,,4,,5,,,,,,,,,,,,1,,,200
383,,2,,1,,,,,,,3,,3,,,,,,,,,,,,,,,360
384,,2,,1,,,,,,,2,,5,,,,,,,,,,,,2,,,360
385,,1,,,,,,,,,4,2,3,,,,,,,,,,,6,,,,340
386,,1,,1,,,,,,,3,,1,,,,,,,,,,,14,2,,,400
387,,1,,,1,1,,,,,2,2,1,,,,,,,,,,,16,,,,420
388,,,,,,,,,,,,,,,,,,,,,,,,,,,,250
389,,2,,2,1,,,,,,5,1,5,,,,,,,,,,,,,,,380
39,,,,,,,,,,4,,,,,,,,,,,,,,,,,,300
390,,,,,,,,,,,6,,,,,,,,,,,1,,,,,,340
391,,1,,2,2,,,,,,6,,,,,,,,,,,2,,4,,,,380
392,,,,,,,,,,,6,,,,,,,,,,,2,,6,1,,,350
393,,,,,,,,,,,6,,5,,,,,,,,,,,,2,,,375
394,,,,1,,,,,,1,8,,3,,,,,,,,,,,6,,,,390
395,,,,1,,,,,,,13,2,5,,,,,,,,,,,,,,,430
396,,4,,,2,,,,,,6,4,1,,,,,,,,,,,2,,,,370
397,,1,,1,,,,,,,16,,1,,,2,,,,,,,,,,,,350
398,,,,,,,,,,,,,,,,,,,,,,,,,,,,230
399,,,,,,1,,,,,7,,2,,,,,,,1,,,,,1,,,390
4,,,,1,,,,,,,,,,,,,,,,,,,,,,,,390
40,,,,,,,,,,1,,,,,,,,,,,,,,,,,,325
400,,,,,2,,,,,,16,1,3,,,,,,,,,,,6,,,,350
401,,,,,5,,,,,,,,,,,,,,1,,,,,,,,,270
402,,,,1,4,1,,,,,,,,,,,,,1,,,,,,,,,280
403,,,,,4,1,,,,,,,,,1,20,,,,1,,,,4,2,,,320
404,,,,1,4,1,,,,,,,,,1,,,,,1,,,,,,,,300
405,,,,,3,,,,,4,,,,,,1,,,1,,,,,4,,,,260
406,,,,,4,1,,,,,,,2,,,10,,,,,,,,,1,,,400
407,,2,,,5,,,,,,,,3,,,,,,,,,,,,,,,300
408,,2,,,4,1,,,,,,,3,,,6,,,,,,,,4,1,,,360
409,,,,,,,,,,,,,4,,,,,,,,,,,10,3,,,480
41,,,,1,,,,,,1,,,,,,4,,,,,,,,,,,,335
410,,,,,,,,,,,,,,,,,,,,,,,,,,,,300
411,,,,,3,,,,,4,,,,,,,,,,,,,,4,,,,260
412,,,,,3,,,,,3,,,,,,,,,,,,,,,,,,340
413,,2,,,5,,,,,,,,,,,,,,,,,,,,,,,290
414,,1,,,,,,,,,,3,1,,1,,,,1,,,,,4,,,,380
415,,2,,,,1,,,,,,,,,2,,,,,1,,,,,,,,260
416,,,,,4,1,,,,,,,2,,,,,,,,,,,5,,,,300
417,,,,,5,1,,,,,,,2,,,8,,,,,,,,4,1,,,400
418,,,,,10,,,,,,,,,,,,,,2,,,,,4,,,,400
419,,,,,,,,,,,,,,,,,,,,,,,,,,,,300
42,,,,1,,,,,,2,,,,,,5,,,,,,,,,,,,300
420,,2,,,5,,,,,,,2,,,,,,,1,,,,,4,,,,500
421,,,,,,,,,,,,,,,,,,,,,,,,,,,,260
422,,4,,,,,,,,,,,,,3,,,,,,,,,,,,,250
423,,1,,,3,,,,,,,,,,4,,,,,,,,,5,,,,340
424,,,,,4,,,,,,,,3,,,,,,,,,,,3,,,,320
425,,,,,4,,,,,,,1,3,,,,,,1,,,,,2,,,,250
426,,,,1,4,1,,,,,,,,,,,,,,1,,,,6,,,,260
427,,2,,,2,1,,,,,,,,,,,,,,1,,,,,,,,320
428,,1,,,3,1,,,,2,,3,,,,,,,2,,,,,4,,,,340
429,,,,,,,,,,,,,,,,,,,,,,,,,,,,290
43,,,,1,,,,,,2,,,,,,,,,,,,,,,,,,300
430,,,,,6,1,,,,,,,,,,,,,,1,,,,,,,,280
431,,2,,1,6,1,,,,2,,,,,,,,,,,,,,,,,,220
432,,,,1,6,,,,,3,,,,,,,,,,,,,,4,,,,350
433,,,,,6,,,,,4,,,,,,,,,,,,,,,,,,340
434,,,,,5,1,,,,,,,3,,,,,,,,,,,,1,,,300
435,,,,,,,,,,,,5,6,,,,,,1,,,,,,,,,360
436,,3,,,3,1,,,,,,,,,,,,,,1,,,,,,,,220
437,,2,,,,1,,,,,,,1,,,,,,,,,,,14,1,,,230
438,,,,,,,,,,5,,1,,,,,,,2,,,,,,,,,320
439,,,,,,,,,,3,,,,,,,,,,,,,,5,,,,340
44,,,,1,,,,,,3,,2,,,,,,,,,,,,,,,,410
440,,,,,,,,,,4,,,,,,,,,,,,,,,,,,350
441,,,,,3,,,,,,,1,2,,,,,,1,,,,,,,,,345
442,,,,,,1,,,,,,,3,,,10,,,1,,,,,,2,,,280
443,,,26,,,,,,,,,,,,,,,,,,,,,,,,,300
444,,,,,,1,,,,,,,4,,,,,,1,,,,,,1,,,300
445,,,,,,1,,,,,,,1,,,3,,,,1,,,,,,,,400
446,,,,,,1,,,,,,,1,,,16,,,,1,,,,8,2,,,500
447,,,,,,1,,,,,,,3,,,,,,2,1,,,,,,,,400
448,,,,,,1,,,,,,,2,,,,,,,1,,,,,,,,240
449,,,,,,,,,,,,,4,,,5,,,,,,,,,,,,360
45,,,,1,,,,,,2,,4,,,,,,,,,,,,,,,,340
450,,,,,,,,,,,,3,2,,,,,,,,,,,3,,,,400
451,,,,,,1,,,,,,,2,,,,,,,,,,,,,,,370
452,,,,,4,,,,,,,2,,,,,,,1,,,,,,,,,350
453,,,,,,,,,,,,,4,,,,,,,,,,,,,,,150
454,,,,,,,,,,,,5,,,,,,,,,,,,,,,,350
455,,,,,,,,,,,,,,,,,,,,,,,,,,,,230
456,,,,,,,,,,,,,2,,,,,,,,,,,6,,,,350
457,,,,,,1,,,,5,,2,,,,,,,,,,,,,,,,310
458,,,,,,,,,,,,,3,,,8,,,,,,,,4,1,,,300
459,,,,,,,,,,,,1,5,,2,,,,1,,,,,,,,,250
46,,,,1,,1,,,,1,,,,,,,,,,,,,,,,,,210
460,,,,,,,,,,,,1,,,5,,,,,,,,,,,,,230
461,,,,,,,,,,,,2,3,,,,,,,,,,,,,,,300
462,,,,,,,,,,2,,4,,,,2,,,,,,,,,,,,380
463,,,,,,,,,,,,,,,,,,,,,,,,,,,,250
464,,,,,,,,,,,,3,,,,3,,,,,,,,,,,,360
465,,,,1,,,,,,,,1,3,,2,,,,,,,,,,,,,210
466,,,,,,,,,,,,,3,,,3,,,,,,,,,,,,350
467,,,,,,,,,,,,,1,,2,,,,,,,,,,,,,280
468,,,,1,,1,,,,,,,2,,,,,,,,,,,5,,,,320
469,,,,,,1,,,,,,,1,,2,,,,,,,,,,,,,280
47,,,,1,,,,,,1,,,,,,,,,,,,,,,,,,285
470,,,,,,1,,,,,,,2,,,,,,,1,,,,4,,,,270
471,,,,,4,,,,,4,,,1,,,,,,,,,,,,,,,440
472,,2,,,3,,,,,2,,,,,1,10,,,,,,,,2,1,,,400
473,,,,,,,,,,,,,,,,,,,,,,,,,,,,240
474,,2,,,3,1,,,,1,,,,,,,,,,,,,,4,,,,210
475,,,,,4,,,,,,,,1,,1,,,,,,,,,,,,,270
476,,2,,,4,1,,,,2,,,,,,,,,,,,,,6,,,,280
477,,,,,3,1,,,,4,,1,1,,,,,,1,,,,,,,,,300
478,,1,,,3,,,,,2,,,,,,,,,,,,,,4,,,,320
479,,,,,4,,,,,1,,2,1,,1,20,,,,,,,,4,,,,430
48,,,,2,,1,,,,3,,,,,,4,,,,,,,,,1,,,425
480,,2,,,5,,,,,5,,,,,,,,,3,,,,,,1,,,250
481,,,,,3,,,,,2,,,1,,,,,,,,,,,4,,,,300
482,,2,,,2,,,,,1,,,,,,10,,,,,,,,8,1,,,340
483,,1,,,3,,,,,2,,,,,1,,,,,,,,,6,,,,350
484,,,,,3,1,,,,3,,,1,,,,,,,,,,,2,,,,320
485,,,,,,,,,,,,,,,,,,,,,,,,,,,,240
486,,2,,,3,,,,,3,,1,,,,,,,,,,,,,,,,310
487,,2,,,4,,,,,3,,,,,,,,,,,,,,,,,,325
488,,,,,3,1,,,,1,,,1,,,,,,,,,,,,,,,270
489,,,,,4,1,,,,1,,,,,1,20,,,,,,,,4,2,,,430
49,,,,,,,,,,3,,,,,,20,,,,,,,,,2,,,400
490,,,,,5,,,,,4,,,,,,,,,,,,,,,,,,240
491,,,,,4,,,,,4,,,1,,,,,,,,,,,,,,,300
492,,2,,,4,,,,,3,,,,,1,,,,,,,,,5,,,,270
493,,,,,3,,,,,3,,,,,,8,,,,,,,,4,1,,,360
494,,1,,,4,,,,,3,,,,,1,,,,,,,,,,,,,220
495,,,,,,,,,,,,,,,,,,,,,,,,,,,,240
496,,,,,3,1,,,,1,,1,1,,,,,,,,,,,3,,,,310
497,,1,,,4,1,,,,,,,1,,,,,,,,,,,3,,,,300
498,,,,,5,,,,,6,,,,,,,,,,,,,,,1,,,300
499,,,,,4,,,,,2,,,1,,,,,,,,,,,4,,,,330
5,,,,1,,,,,,1,,,,,,,,,,,,,,,,,,270
50,,,,,,,,,,,,,,,,,,,,,,,,,,,,280
500,,1,,,4,,,,,3,,,,,,,,,,,,,,,,,,360
501,,1,,,4,,,,,5,,1,,,,,,,,,,,,,,,,420
502,,1,,,3,,,,,3,,,,,1,1,,,,,,,,4,,,,400
503,,,,,3,,,,,4,,,1,,,,,,,,,,,,,,,360
504,,,,,4,,,,,3,,2,,,,,,,,,,,,,,,,420
505,,,,,2,,,,,3,,,,,,,,,,,,,,6,,,,330
506,,,,,3,,,,,5,,,,,1,,,,,,,,,,2,,,300
507,,,,,,,,,,,,,,,,,,,,,,,,,,,,300
508,,1,,,4,,,,,2,,,,,1,,,,,,,,,,1,,,360
509,,,,,3,,1,,,,,,,,,,,,,,,,,,,,,300
51,,,,2,,1,,,,,,,,,,,,,,,,,,,,,,275
510,,1,,,4,,1,,,3,,,,,,,,,,,,,,,,,,240
511,,,,,4,,1,,,6,,1,,,,,,,,,,,,,,,,420
512,,1,,,3,,,,,2,,,,,1,,,,,,,,,,,,,330
513,,1,,,4,1,,,,3,,,,,1,,,,,,,,,,,,,240
514,,,,,3,,,,,3,,,,,1,,,,,,,,,5,,,,360
515,,,,,3,,2,,,3,,,1,,,,,,,,,,,,1,,,430
516,,,,,,,,,,,,,,,,,,,,,,,,,,,,180
517,,,,,4,,1,,,2,,3,1,,,,,,,,,,,4,,,,400
518,,1,,,4,,,,,3,,1,,,,,,,,,,,,,,,,250
519,,,,,4,,1,,,2,,,1,,,,,,,,,,,,,,,350
52,,,,1,,,,,,,,1,,,,,,,,,,,,,,,,345
520,,,,,4,1,,,,1,,1,,,,1,,,,,,,,4,,,,270
521,,,,,4,,2,,,4,,,1,,,,,,,,,,,,2,,,310
522,,,,,2,,,,,2,,,,,1,2,,,,,,,,4,1,,,350
523,,,,,4,,2,,,1,,2,1,,,10,,,,,,,,4,,,,340
524,,,,,4,,,,,3,,2,,,1,,,,,,,,,5,,,,300
525,,1,,,4,,,,,4,,,,,,,,,,,,,,4,1,,,310
526,,,,,,1,1,,,2,,,,,,,,,,,,,,,,,,450
527,,,,,5,,,,,2,,3,1,,,,,,,,,,,4,,,,420
528,,,,,,,,,,,,,,,,,,,,,,,,,,,,210
529,,,,,4,1,,,,3,,,1,,,,,,,,,,,,,,,280
53,,,,1,,,,,,,,,,,,6,,,,1,,,,,,,,345
530,,,,,,,1,,,,,2,1,,1,10,,,,,,,,,,,,375
531,,,,,4,,,,,5,,1,1,,,,,,,,,,,,,,,360
532,,,,,3,,,,,3,,,,,1,,,,,,,,,3,,,,380
533,,,,,4,1,,,,2,,1,1,,,10,,,,,,,,3,,,,360
534,,1,,,3,,,,,2,,,,,1,,,,,,,,,5,,,,340
535,,,,,4,1,1,,,3,,,,,,,,,,,,,,,,,,240
536,,,,,5,,,,,2,,3,1,,,24,,,,,,,,,,,,430
537,,1,,,3,1,,,,4,,,1,,,,,,,,,,,,,,,220
538,,,,,4,,,,,2,,,,,1,,,,,,,,,6,,,,350
539,,,,,6,,,,,3,,3,,,,3,,,,,,,,1,,,,370
54,,,,,,,,,,,,,,,,7,,,,,,,,,,,,365
540,,,,,,,,,,,,,,,,,,,,,,,,,,,,250
541,,,,,3,,,,,,,,,,,,,,,,,,,,,,,300
542,,1,,,4,,,,,2,,,,,1,,,,,,,,,,,,,270
543,,1,,,4,,,,,3,,,,,1,,,,,,,,,,1,,,300
544,,,,,3,,,,,3,,1,,,,,,,,,,,,,,,,300
545,,,,,3,,,,,2,,,1,,,,,,,,,,,4,,,,360
546,,,,,3,,,,,3,,2,,,,5,,,,,,,,1,,,,300
547,,,,,4,1,,,,2,,3,1,,,3,,,,,,,,,,,,360
548,,1,,,4,,,,,2,,,,,1,,,,,,,,,,,,,300
549,,,,,3,1,,,,3,,,,,,,,,,,,,,3,,,,330
55,,,,2,,,,,,,,,,,,,,,,,,,,,,,,235
550,,,,,4,,,,,5,,,,,1,,,,,,,,,4,,,,400
551,,,,,4,,,,,3,,1,1,,,,,,,,,,,,,,,400
552,,,,,4,,,,,3,,2,,,1,,,,,,,,,2,,,,360
553,,,,,4,,,,,3,,2,,,,20,,,,,,,,4,,,,360
554,,,,,,,,,,,,,,,,,,,,,,,,,,,,180
555,,1,,,3,1,,,,3,,,,,,,,,,,,,,,,,,280
556,,,,,4,,,,,5,,1,1,,,,,,,,,,,,,,,390
557,,1,,,4,1,,,,3,,,,,,,,,,,,,,3,,,,420
558,,,,,5,,,,,4,,,,,,,,,,,,,,,1,,,380
559,,,,,4,,,,,3,,1,1,,,10,,,,,,,,4,,,,330
56,,,,1,,,,,,,,2,,,,,,,,1,,,,,,,,400
560,,,,,,,,,,2,,,,,,,,,,,,,,,,,,300
561,,,,,4,,,,,3,,1,1,,,,,,,,,,,,,,,400
562,,1,,,3,,,,,2,,,,,1,,,,,,,,,2,,,,420
563,,,,,4,,,,,3,,3,1,,,3,,,,,,,,1,,,,365
564,,1,,,4,1,,,,3,,1,,,,,,,,,,,,,,,,345
565,,,,,4,,,,,2,,3,1,,1,3,,,,,,,,,,,,420
566,,,,,,,,,,,,,,,,,,,,,,,,,,,,180
567,,,,,3,1,,,,2,,,,,,3,,,,,,,,,,,,270
568,,1,,,3,,,,,3,,,1,,,,,,,,,,,,,,,270
569,,,,,5,,,,,3,,2,1,,,4,,,,,,,,,,,,360
57,,,,1,,,,,,,,3,,,,4,,,,,,,,,,,,365
570,,,,,4,,,,,6,,,,,,,,,,,,,,,2,,,300
571,,,,,4,,,,,2,9,,,,1,,,,,1,,,,,,,,360
572,,1,,,3,,,,,2,11,,,,1,6,,,,,,,,,,,,390
573,,1,,,3,,,,,1,6,1,1,,1,10,,,,,,,,,,,,420
574,,,,,,,,,,,,,,,,,,,,,,,,,,,,250
575,,1,,1,4,,,,,2,7,2,1,,,,,,,,,,,,,,,400
576,,,,,4,,,,,2,8,,,,2,,,,,1,,,,,,,,300
577,,,,,4,,,,,,8,,1,,1,,,,,1,,,,4,,,,340
578,,,,,5,,,,,,9,,1,,1,2,,,,1,,,,4,,,,450
579,,1,,1,4,,,,,,8,,1,,1,3,,,,,,,,2,,,,395
58,,,,,,,,,,,,,,,,,,,,,,,,,2,,,405
580,,1,,1,3,,,,,4,9,1,,,,,,,,,,,,,,,,400
581,,,,1,,,,,,,12,,,,,4,,,,,,,,,,,,300
582,,,,,3,,,,,3,8,,,,,,,,,,,,,,,,,375
583,,1,,,6,,,,,,10,,1,,2,3,,,,1,,,,2,,,,415
584,,,31,,6,,,,,,,,,,,,,,,,,,,,,,,300
585,,3,,,4,,,,,,10,,,,2,14,,,,,,,,,1,,,405
586,,,,,,,,,,,,,,,,,,,,,,,,,,,,220
587,,2,,,5,,,,,3,10,,,,1,,,,,,,,,10,1,,,400
588,,,,,4,,,,,,7,,1,,2,,,,,1,,,,,,,,340
589,,,,,4,,,,,2,11,1,,,,,,,,1,,,,2,,,,375
59,,,,2,,,,,,,,3,,,,,,,,,,,,,,,,385
590,,,,,,,,,,3,,,,,,,,,,,,,,,,,,300
591,,1,,,5,,,,,,9,,1,,1,,,,,,,,,,,,,300
592,,2,,,5,,,,,2,13,,,,1,,,,,1,,,,4,,,,310
593,,1,,,7,,,,,3,15,,,,,,,,,,,,,3,,,,300
594,,,,1,4,,,,,4,5,2,,,,20,,,,,,,,,,,,450
595,,,,,5,,,,,4,10,,,,1,,,,,,,,,,1,,,420
596,,,,,3,,,,,,,,,,,,,,,,,,,,,,,300
597,,,,,5,,,,,,9,,1,,1,,,,,1,,,,4,,,,300
598,,1,,1,5,,,,,,10,,1,,,,,,,1,,,,6,,,,325
599,,,,,,,,,,1,,,,,,,,,,,,,,,,,,300
6.1,,,,1,,,,,,1,,,,,,,,,,,,,,,,,,285
6.2,,,,1,,,,,,1,,,,,,,,,,,,,,,,,,285
6,,,,1,,,,,,1,,,,,,,,,,,,,,,,,,285
60,,,,,,,,,,,,,,,,,,,,,,,,,,,,215
600,,,,,3,,,,,3,7,3,,,,,,,,,,,,,,,,400
601,,1,,1,3,,,,,,6,,1,,1,,,,,,,,,,,,,320
602,,1,,,5,,,,,,13,,1,,2,,,,,,,,,4,,,,350
603,,,,,5,,,,,4,11,,,,,,,,,1,,,,,1,,,300
604,,1,,1,4,,,,,5,12,2,,,,,,,,,,,,,,,,360
605,,1,,1,5,,,,,3,12,3,,,,,,,,,,,,,,,,400
606,,,,,3,,,,,,,,,,,,,,,,,,,,,,,300
607,,1,,,5,,,,,2,10,,,,2,,,,,,,,,,,,,300
608,,,,,5,,,,,,13,,1,,,,,,,1,,,,4,,,,255
609,,1,,,5,,,,,,9,,,,2,,,,,1,,,,5,,,,420
61,,,,2,,1,,,,,,,,,,,,,,1,,,,,,,,375
610,,1,,,5,,,,,5,9,2,,,,,,,,,,,,,,,,420
611,,1,,,4,,,,,6,10,,,,1,,,,,,,,,,1,,,300
612,,,,1,5,,,,,2,12,2,,,2,,,,,,,,,,,,,450
613,,1,,1,5,1,,,,2,,,1,,,,,,,,,,,,,,,360
614,,1,,,6,,,,,3,11,,,,,,,,,,,,,5,,,,320
615,,1,,,4,,,,,6,10,2,,,,,,,,,,,,,,,,420
616,,1,,,5,,,,,4,10,,,,,,,,,,,,,,,,,360
617,,,,,2,,,,,,6,,1,,,,,,,1,,,,,,,,330
618,,,,,3,,,,,,5,1,,,,13,,,,,,,,,,,,390
619,,,,1,4,,,,,3,7,3,,,,,,,,,,,,,,,,465
62,,,,1,,,,,,,,,,,,4,,,,,,,,,,,,365
620,,1,,,5,,,,,,11,,1,,,,,,,1,,,,,1,,,460
621,,,,,4,,,,,2,8,,,,3,,,,,,,,,,2,,,405
622,,1,,,6,,,,,,15,,,,1,,,,,1,,,,,,,,255
623,,1,,,4,,,,,3,11,,,,,,,,,,,,,5,,,,390
624,,,,,6,,,,,,10,,,,2,5,,,,,,,,,1,,,300
625,,1,,,6,,,,,3,15,,,,,,,,,,,,,,,,,315
626,,,,,7,,,,,4,13,,,,,,,,,,,,,,,,,335
627,,1,,,4,,,,,,7,2,3,,,20,,,,,,,,,,,,440
628,,,,,,,,,,,,,,,,,,,,,,,,,,,,220
629,,1,,,5,,,,,3,12,,,,,,,,,,,,,3,,,,350
63,,,,1,,,,,,,,2,,,,,,,,,,,,,,,,365
630,,1,,,5,,,,,,11,2,,,,,,,,,,,,4,,,,410
631,,,,,4,,,,,,9,,3,,,,,,,,,,,,,,,270
632,,,,,,,,,,1,,,,,,,,,,,,,,,,,,300
633,,,,,4,,,,,3,8,,,,,,,,,,,,,5,,,,320
634,,1,,,5,1,,,,,7,,,,2,,,,,,,,,,,,,270
635,,,,,4,,,,,,7,1,1,,2,10,,,,,,,,3,,,,320
636,,1,,,3,,,,,2,12,,,,,,,,,,,,,,,,,300
637,,1,,,4,,,,,,9,,3,,,,,,,,,,,3,,,,300
638,,1,,,6,,,,,5,11,,,,,,,,,,,,,,1,,,285
639,,,,,6,,,,,,,,,,,,,,,,,,,,,,,300
64,,,,2,,,,,,,,3,,,,,,,,,,,,,,,,410
640,,1,,,5,1,,,,,,3,,,2,,,,,,,,,3,,,,330
641,,,,,,,,,,3,,,,,,,,,,,,,,,,,,320
642,,,,,4,1,,,,4,9,,,,,,,,,,,,,,2,,,400
643,,,,,4,,,,,,8,,3,,,,,,,,,,,7,,,,335
644,,1,,,4,,,,,,12,2,3,,,,,,,,,,,4,,,,420
645,,,,,3,,,,,,8,2,3,,,18,,,,,,,,6,,,,420
646,,1,,,6,,,,,4,11,,,,,,,,,,,,,,,,,385
647,,,,,5,,,,,,8,,1,,3,,,,,,,,,,,,,300
648,,1,,,4,,,,,,10,1,,,,10,,,,1,,,,8,,,,330
649,,,,,3,1,,,,,12,,,,2,,,,,,,,,5,,,,390
65,,,,2,,,,,,,,4,,,,,,,,,,,,,,,,325
650,,1,,,4,,,,,,12,,,,,,,,,,,,,,2,,,390
651,,,,,,,,,,,,,,,,,,,,,,,,,,,,250
652,,,,,3,,,,,2,,,,,1,,,,,,,,,,,,,310
653,,,,,3,,,,,2,,,1,,,,,,,,,,,,,,,260
654,,,,,3,1,,,,2,,,,,,,,,,,,,,4,,,,210
655,,,,,4,,,,,2,,,1,,1,,,,,,,,,5,,,,280
656,,,,,3,,,,,2,,,1,,,,,,,,,,,4,,,,330
657,,,,,4,1,,,,3,,3,1,,,,,,,,,,,,,,,340
658,,,,,4,,,,,3,,3,,,,,,,,,,,,,,,,370
659,,,,,4,,,,,3,,,,,1,,,,,,,,,2,,,,280
66,,,,,1,,,,,,,,,,,,,,,,,,,,,,,285
660,,1,,,4,,,,,6,,1,,,,,,,,,,,,,,,,300
661,,,,,3,,,,,2,,,1,,,,,,,,,,,4,,,,330
662,,,,,4,,,,,3,,,,,1,,,,,,,,,3,,,,340
663,,,,,3,1,,,,2,,,,,,,,,,,,,,7,,,,315
664,,,,,3,,,,,3,,2,1,,,10,,,,,,,,,,,,340
665,,,,,,,,,,,,,,,,,,,,,,,,,,,,250
666,,,,,4,,,,,3,,,,,1,,,,,,,,,,,,,280
667,,,,,4,1,,,,3,,1,,,,6,,,,,,,,,,,,290
668,,,,,4,1,,,,4,,1,1,,,,,,,,,,,,,,,280
669,,,,,4,,,,,4,,2,1,,1,,,,,,,,,,,,,400
67,,,,,2,,,,,,,,,,,,,,,,,,,,,,,365
670,,,,,4,1,,,,3,,,,,,,,,,,,,,,,,,300
671,,,,,3,,,,,3,,,,,,,,,,,,,,4,,,,210
672,,,,,4,,,,,5,,1,,,1,,,,,,,,,,,,,280
673,,,,,3,1,,,,3,,,,,,3,,,,,,,,1,1,,,320
674,,,,,3,,,,,2,,1,,,1,10,,,,,,,,2,,,,305
675,,1,,,4,,,,,2,,2,1,,,,,,,,,,,,,,,300
676,,,,,,1,,,,2,,1,,,,10,,,,,,,,2,,,,330
677,,,,,,,,,,,,,,,,,,,,,,,,,,,,250
678,,,,,2,,,,,2,,,,,,,,,,,,,,4,,,,220
679,,,,,3,,,,,2,,,1,,,6,,,,,,,,,1,,,350
68,,,,1,2,,,,,,,,,,,,,,,,,,,,,,,325
680,,,,,4,,,,,3,,2,,,1,,,,,,,,,,,,,300
681,,,,,3,,,,,3,,,1,,,,,,,,,,,4,,,,200
682,,,,,3,,,,,3,,,,,1,,,,,,,,,,,,,300
683,,,,,4,,,,,5,,1,1,,,,,,,,,,,,,,,280
684,,,,,4,,,,,3,,1,,,1,,,,,,,,,,,,,360
685,,,,,,,,,,,,,,,,,,,,,,,,,,,,250
686,,,,,3,,,,,2,,1,1,,,10,,,,,,,,4,,,,285
687,,,,,3,1,,,,2,,,,,,,,,,,,,,4,,,,230
688,,,,,3,,,,,3,,,,,1,,,,,,,,,,1,,,300
689,,,,,4,,,,,2,,2,1,,,,,,,,,,,,,,,360
69,,,,2,,,,,,,,4,,,,,,,,,,,,,,,,290
690,,,,,4,,,,,4,,,2,,,,,,,,,,,,,,,300
691,,,,,3,1,,,,3,,,,,,,,,,,,,,,,,,330
692,,,,,3,,,,,2,,2,,,1,6,,,,,,,,,,,,400
693,,,,,3,,,,,3,,,1,,,,,,,,,,,4,,,,360
694,,,,,4,,,,,4,,2,,,,,,,,,,,,,,,,390
695,,,,,,,,,,,,,,,,,,,,,,,,,,,,300
696,,,,,4,,,,,3,,1,1,,,,,,,,,,,,,,,300
697,,1,,,2,,,,,2,,,,,,,,,,,,,,,,,,325
698,,,,,3,,,,,2,,,,,,2,,,,,,,,2,1,,,300
699,,,,,4,,,,,2,,,2,,,,,,,,,,,3,,,,390
7.1,,,,1,,,,,,,,,,,,1,,,,,,,,,,,,330
7.2,,,,1,,,,,,,,,,,,1,,,,,,,,,,,,330
7,,,,1,,,,,,,,,,,,,,,,,,,,,,,,330
70,,,29,,,,,,,,,,,,,,,,,,,,,,,,,250
700,,,,,4,1,,,,2,,3,,,,3,,,,,,,,,,,,420
701,,,,,4,,,,,3,,,1,,,1,,,,,,,,4,1,,,300
702,,,,,3,,,,,2,,,,,1,,,,,,,,,6,,,,300
703,,,,,4,,,,,5,,,,,,,,,,,,,,,,,,330
704,,,,,4,,,,,3,,2,,,1,10,,,,,,,,2,,,,420
705,,,,,4,,,,,2,,,,,,,,,,,,,,5,,,,300
706,,,,,3,1,,,,2,,,,,,,,,,,,,,3,,,,300
707,,,,,3,,,,,3,,,1,,,,,,,,,,,,,,,330
708,,,,,,,,,,,,,,,,,,,,,,,,,,,,165
709,,,,,4,,,,,4,,2,,,,10,,,,,,,,,,,,390
71,,,,,,,,,,,,,,,,4,,,,,,,,,,,,365
710,,,,,,,,,,,,,,,,,,,,,,,,,,,,250
711,,,,,4,,,,,4,,,1,,,,,,,,,,,,,,,300
712,,,,,5,1,,,,4,,,,,,,,,,,,,,,1,,,260
713,,,,,4,1,,,,3,,1,1,,,4,,,,,,,,,,,,350
714,,,,,3,1,,,,3,,,1,,,,,,,,,,,4,,,,320
715,,,,,5,,,,,3,,4,,,,,,,,,,,,,,,,350
716,,,,,4,,,,,3,,,,,1,,,,,,,,,,,,,280
717,,,,,4,,,,,4,,,1,,,,,,,,,,,,,,,300
718,,,,,4,,,,,4,,,,,1,,,,,,,,,4,,,,280
719,,,,,5,,,,,2,,2,1,,,,,,,,,,,,,,,345
72,,,,1,1,,,,,,,,,,,6,,,,,,,,,,,,400
720,,,,,4,,,,,3,,3,,,,22,,,,,,,,,,,,360
721,,,,,,,,,,,,,,,,,,,,,,,,,,,,180
722,,,,,4,,,,,3,,,,,1,,,,,,,,,,,,,360
723,,,,,4,1,,,,3,,,1,,,,,,,,,,,4,,,,340
724,,,,,4,,,,,3,,,,,1,6,,,,,,,,,1,,,330
725,,,,,4,,,,,3,,1,1,,,,,,,,,,,3,,,,480
726,,,,,4,1,,,,3,,,,,,,,,,,,,,4,,,,300
727,,,,,4,,,,,4,,,1,,1,,,,,,,,,2,,,,280
728,,,,,4,,,,,3,,1,,,1,,,,,,,,,3,,,,360
729,,,,,4,,,,,2,,4,,,,,,,,,,,,2,,,,420
73,,,,1,1,,,,,,,,,,,,,,,,,,,,,,,460
730,,,,,4,,,,,2,,,,,1,,,,,,,,,,,,,300
731,,,,,,,,,,,,,,,,,,,,,,,,,,,,190
732,,,,,3,,,,,2,,,1,,,,,,,,,,,,,,,300
733,,,,,3,,,,,3,,1,,,,5,,,,,,,,,,,,300
734,,,,,3,,,,,3,,,,,,,,,,,,,,3,,,,300
735,,,,,4,1,,,,3,,,,,,,,,,,,,,,1,,,360
736,,,,,4,,,,,4,,2,,,,10,,,,,,,,,,,,420
737,,,,,5,,,,,3,,,,,1,,,,,,,,,,1,,,300
738,,,,,4,1,,,,3,,1,,,,,,,,,,,,6,,,,330
739,,,,,4,,,,,3,,,1,,,,,,,,,,,,1,,,300
74,,,,1,,,,,,,,2,,,,,,,,,,,,,,,,420
740,,,,,3,,,,,3,,1,,,1,1,,,,,,,,3,,,,390
741,,,,,4,,,,,4,,,2,,,,,,,,,,,,,,,310
742,,,,,5,,,,,3,,3,,,1,3,,,,,,,,1,,,,450
743,,,,,,,,,,,,,,,,,,,,,,,,,,,,260
744,,,,,5,1,,,,5,,,,,,,,,,,,,,,1,,,250
745,,,,,4,,,,,3,,,1,,,,,,,,,,,3,,,,260
746,,,,,7,,,,,4,,,,,1,,,,,,,,,,,,,280
747,,,,,3,,,,,3,,2,,,,20,,,,,,,,,,,,280
748,,,,,4,,,,,3,,,1,,,,,,,,,,,,,,,270
749,,,,,5,,,,,6,,2,1,,,,,,,,,,,,,,,290
75,,,,1,,,,,,,,3,,,,3,,,,,,,,,,,,415
750,,,,,4,,,,,4,,1,,,,,,,,,,,,4,,,,360
751,,,,,4,,,,,3,,2,,,,10,,,,,,,,2,,,,360
752,,,,,6,,,,,,,,2,,,,,,,,,,,3,,,,380
753,,,,,5,,,,,,,1,,,2,10,,,,1,,,,6,,,,390
754,,,,,,,,,,,,,,,,,,,,,,,,,,,,280
755,,1,,,4,,,,,5,6,,,,,,,,,,,,,4,,,,310
756,,,,,4,,,,,1,8,,3,,,,,,,,,,,,,,,310
757,,1,,1,4,,,,,3,9,1,,,,13,,,,,,,,,,,,450
758,,,,,,,,,,,,,2,,,,,,,,,,,,,,,310
759,,,,,,,,,,6,,,,,,,,,,,,,,,2,,,360
76,,,,,,,,,,,,,,,,,,,,,,,,,,,,420
760,,,,,3,,,,,,,3,,,3,,,,,,,,,,,,,380
761,,,,,,,,,,,11,3,,,,3,,,,,,,,1,,,,390
762,,,31,,,,,,,,,,,,,,,,,,,,,,,,,380
763,,1,,,4,,,,,3,8,,,,,,,,,,,,,5,,,,355
764,,,,,4,1,,,,4,8,2,,,,,,,,,,,,,,,,280
765,,,,1,4,,,,,6,9,,,,,,,,,,,,,,,,,450
766,,1,,,4,,,,,,8,,2,,2,,,,,,,,,4,,,,400
767,,,,,5,,,,,,10,,3,,,,,,,,,,,6,,,,450
768,,,,,,1,,,,,,1,,,,14,,,,,,,,,,,,450
769,,1,,1,4,,,,,,11,,3,,,,,,,,,,,,,,,340
77,,,,1,,,,,,,,,1,,,,,,,,,,,,,,,220
770,,,,,5,,,,,4,10,,,,,,,,,,,,,,,,,270
771,,,,,4,,,,,4,9,2,,,,5,,,,,,,,,,,,380
772,,1,,,5,,,,,3,7,2,,,,,,,,,,,,2,,,,440
773,,,,,,,,,,,,2,5,,,,,,,,,,,,,,,360
774,,,,,4,,,,,,13,2,,,2,,,,,,,,,,,,,410
775,,,,,5,,,,,3,11,3,,,,1,,,,,,,,3,,,,400
776,,,,,3,,,,,,,,,,,,,,,,,,,,,,,360
777,,,,,5,,,,,2,,,,,2,,,,,1,,,,,,,,350
778,,1,,,4,,,,,,12,,3,,,,,,,,,,,4,,,,410
779,,1,,,5,,,,,,10,,,,2,,,,,1,,,,6,,,,420
78,,,,,,,,,,,,,1,,,,,,,,,,,5,1,,,390
780,,,,,4,,,,,5,9,,,,,,,,,,,,,,2,,,410
781,,1,,,4,,,,,,11,,3,,,,,,,1,,,,,,,,310
782,,,,,,,,,,2,,,,,,,,,,,,,,,,,,280
783,,,,,5,,,,,3,15,,,,,,,,,,,,,4,,,,360
784,,1,,,4,,,,,2,12,,,,2,,,,,,,,,,,,,360
785,,,,,5,,,,,3,9,3,,,,,,,,,,,,,,,,410
786,,1,,,4,,,,,,12,3,,,,,,,,,,,,,,,,380
787,,,,,,,,,,4,,3,,,,10,,,,,,,,,,,,400
788,,,28,,,,,,,,,,,,,,,,,,,,,,,,,360
789,,1,,,5,,,,,,9,,,,2,,,,,,,,,4,,,,320
79,,,,,,,,,,,,,1,,,,,,,,,,,,2,,,380
790,,1,,,5,,,,,2,13,,,,,,,,,,,,,6,,,,360
791,,1,,,3,,,,,,11,,4,,,,,,,,,,,,,,,450
792,,,,,4,,,,,4,11,,,,,,,,,,,,,,,,,320
793,,1,,,5,,,,,2,11,,,,2,5,,,,,,,,,,,,320
794,,1,,,4,,,,,4,11,,,,,,,,,,,,,,1,,,360
795,,1,,,5,,,,,,11,,2,,,,,,,1,,,,,2,,,360
796,,,,,,,,,,,,,,,,,,,,,,,,,,,,300
797,,,,,4,,,,,,12,3,,,1,,,,,,,,,2,,,,390
798,,1,,,4,,,,,5,,,,,,,,,,,,,,,,,,310
799,,1,,1,5,,,,,,15,,3,,,,,,,,,,,3,,,,410
8.1,,,,1,,,,,,,,,,,,2,,,,,,,,,,,,360
8.2,,,,1,,,,,,,,,,,,2,,,,,,,,,,,,360
8,,,,1,,,,,,,,,,,,2,,,,,,,,,,,,360
80,,,,,,,,,,,,,,,,,,,,,,,,,,,,300
800,,,,,3,,,,,6,10,,,,,,,,,,,,,,2,,,420
801,,,,3,,,,,,2,,1,1,,,,,,,,,,,,,,,300
802,,,,,4,1,,,,,5,,1,,,,,,,,,,,2,,,,360
803,,,,1,2,1,,,,,2,1,1,,1,3,,,,,,,,3,,,,420
804,,,,1,3,,,,,,5,,2,,1,,,,,,,,,4,,,,370
805,,,,1,,,,,,2,,2,,,,,,,,,,,,,,,,420
806,,,,,3,,,,,,,,,,,,,,,,,,,,,,,300
807,,,,1,3,,,,,4,4,,,,,,,,,,,,,4,1,,,270
808,,,,1,5,,,,,,11,,2,,,,,,,,,,,,,,,300
809,,,,,6,,,,,4,7,2,,,2,,,,,,,,,,,,,360
81,,,,1,,,,,,,,,1,,,,,,,,,,,,,,,320
810,,1,,1,1,1,,,,,,,1,,,,,,,,,,,3,1,,,370
811,,2,,,3,,,,,,10,,,,1,,,,,,,,,4,,,,320
812,,1,,,4,,,,,,2,,5,,,,,,,,,,,,,,,320
813,,1,,,2,1,,,,,7,,,,,,,,,1,,,,,1,,,350
814,,3,,,5,,,,,2,7,3,,,,5,,,,,,,,5,,,,340
815,,,,,3,,,,,,,,,,,,,,,,,,,,,,,300
816,,1,,,3,,,,,3,4,,1,,,,,,,,,,,,,,,300
817,,1,,1,3,,,,,,15,1,2,,,,,,,,,,,,,,,340
818,,2,,,3,1,,,,,6,1,,,,5,,,,1,,,,7,,,,330
819,,1,,,3,,,,,,12,,3,,,,,,,,,,,,,,,335
82,,,,1,,,,,,,,,,,,,,,,,,,,,,,,345
820,,1,,,2,,,,,2,9,,,,1,,,,,,,,,,,,,270
821,,1,,,5,,,,,,13,,2,,,,,,,,,,,4,,,,360
822,,1,,1,1,,,,,2,,1,,,,,,,,,,,,6,,,,330
823,,2,,,1,,,,,,6,,4,,,,,,,,,,,,1,,,300
824,,1,,,3,,,,,,2,2,,,,3,,,,,,,,,,,,420
825,,,,,3,,,,,,,,,,,,,,,,,,,,,,,300
826,,1,,1,2,1,,,,,4,,2,,,,,,,,,,,,,,,300
827,,2,,1,5,,,,,,6,,,,,,,,,,,,,4,,,,300
828,,,,2,1,,,,,,12,1,3,,,,,,,,,,,4,,,,420
829,,1,,,3,,,,,3,6,,,,,,,,,,,,,,,,,300
83,,,,1,,,,,,,,,2,,,14,,,,,,,,,1,,,440
830,,2,,,2,,,,,,,,3,,,,,,,,,,,4,1,,,340
831,,2,,,4,1,,,,,7,,,,,,,,,,,,,6,,,,330
832,,,,,,,,,,,,1,,,3,,,,,,,,,,,,,330
833,,,,,,,,,,,,3,,,,,,,,,,,,4,,,,480
834,,,,,3,,,,,,,,,,,,,,,,,,,,,,,300
835,,,,2,,,,,,,,,4,,,,,,,,,,,3,,,,300
836,,1,,,3,,,,,2,14,,,,,,,,,,,,,,,,,300
837,,2,,1,1,,,,,,,2,3,,,14,,,,,,,,6,,,,420
838,,,,,8,1,,,,1,,,,,,,,,,1,,,,,,,,300
839,,,,1,,,,,,,,1,,,,,,,,,,,,,,,,360
84,,,,,,,,,,,,,,,,,,,,,,,,,1,,,420
840,,1,,1,2,,,,,,13,,4,,,,,,,,,,,2,1,,,330
841,,,,,,,,,,,102,,,,,,,,,,,,,,,,,300
842,,,,,,,,,,,,3,,,,10,,,,,,,,,,,,420
843,,,,,3,,,,,,,,,,,,,,,,,,,,,,,300
844,,1,,,2,1,,,,,4,,3,,,,,,,,,,,,,,,290
845,,1,,1,5,,,,,4,11,1,,,,,,,,,,,,4,,,,250
846,,1,,1,3,,,,,,9,,4,,,,,,,,,,,2,,,,280
847,,,,1,5,,,,,,6,3,,,,,,,,1,,,,,,,,340
848,,1,,1,5,,,,,,23,,,,2,,,,,,,,,,,,,280
849,,1,,1,4,,,,,,4,1,4,,,,,,,,,,,5,,,,260
85,,,,1,,,,,,,,,3,,,2,,,,,,,,2,,,,365
850,,1,,2,2,1,,,,1,18,1,3,,1,,,,,,,,,,,,,280
851,,,,1,,,,,,3,,1,,,,,,,,,,,,6,,,,360
852,,1,,1,2,,,,,,21,,3,,,,,,,,,,,4,,,,360
853,,,,2,2,1,,,,,8,1,,,,5,,,,1,,,,5,,,,400
854,,,,,3,,,,,,,,,,,,,,,,,,,,,,,300
855,,1,,3,4,,,,,,1,1,,,,,,,,,,,,6,,,,260
856,,1,,1,3,,,,,,7,,1,,,,,,,,,,,,,,,280
857,,1,,2,3,,,,,4,13,3,,,,,,,,,,,,,,,,360
858,,,,,3,,,,,,3,,,,3,,,,,,,,,,,,,250
859,,1,,,2,1,,,,,13,,,,,,,,,1,,,,6,1,,,300
86,,,,,,,,,,,,,,,,,,,,,,,,,,,,320
860,,,,1,,,,,,3,,,,,,,,,,,,,,4,,,,360
861,,1,,,4,,,,,1,10,3,3,,,,,,,,,,,,,,,320
862,,,,,3,,,,,,,,,,,,,,,,,,,,,,,300
863,,,,2,1,,,,,,,,,,2,5,,,,,,,,,,,,360
864,,,,,4,,,,,,4,,4,,,,,,,,,,,4,,,,200
865,,1,,1,4,,,,,2,,,,,,,,,,,,,,5,1,,,220
866,,,,1,4,,,,,,6,,2,,,,,,,,,,,4,,,,320
867,,1,,,2,1,,,,,1,,1,,1,,,,,,,,,,3,,,300
868,,,,,5,,,,,,7,3,3,,,,,,,,,,,3,,,,380
869,,,,,3,1,,,,,,,2,,,,,,,1,,,,6,1,,,220
87,,,,1,,,,,,,,,,,,,,,,,,,,,,,,330
870,,,,1,5,,,,,5,19,,,,,,,,,,,,,,,,,220
871,,1,,,8,,,,,,,,4,,,,,,,,,,,,,,,270
872,,,,2,2,1,,,,,1,1,,,2,5,,,,1,,,,5,,,,330
873,,,,,,,,,,,,4,,,,10,,,,,,,,,,,,450
874,,,,,8,,,,,,23,,4,,,,,,,,,,,,,,,300
875,,,,,3,,,,,,,,,,,,,,,,,,,,,,,300
876,,1,,,9,,,,,4,1,,,,,,,,,,,,,,1,,,270
877,,,,,7,,,,,,30,,4,,,,,,,,,,,,,,,270
878,,,,1,,1,,,,,,2,,,,10,,,,1,,,,10,,,,450
879,,,,1,,,,,,,,4,,,,,,,,,,,,10,,,,390
88,,,,1,,,,,,,,,1,,,,,,,,,,,,,,,305
880,,,,,3,,,,,,12,,2,,2,,,,,,,,,,,,,340
881,,2,,,2,,,,,1,4,,1,,,,,,,,,,,6,2,,,400
882,,,,1,,,,,,,,1,,,,,,,,,,,,,,,,360
883,,1,,,5,,,,,,16,1,4,,,,,,,,,,,10,,,,260
884,,,,,3,,,,,,,,,,,,,,,,,,,,,,,300
885,,,,,4,1,,,,,,4,,,1,5,,,,1,,,,6,,,,395
886,,,,,5,,,,,4,29,,,,,,,,,,,,,,,,,280
887,,,,,8,,,,,,16,,6,,,,,,,,,,,,3,,,330
888,,,,1,8,,,,,,1,,5,,,,,,,,,,,2,2,,,330
889,,1,,1,7,,,,,,23,,,,4,,,,,,,,,,,,,350
89,,,,1,,,,,,,,,,,,4,,,,,,,,,,,,380
890,,1,,,7,,,,,,12,,1,,,,,,,,,,,,,,,340
891,,,,1,6,1,,,,,,2,,,,,,,,1,,,,5,,,,330
892,,1,,1,6,,,,,5,3,,,,,,,,,,,,,3,,,,330
893,,,,1,3,,,,,,1,,5,,,,,,,,,,,,,,,320
894,,,,3,5,,,,,6,11,2,,,,,,,,,,,,,,,,340
895,,,,2,,1,,,,,,,2,,,,,,,1,,,,4,,,,350
896,,,,,3,,,,,,,,,,,,,,,,,,,,,,,300
897,,1,,,4,,,,,,,,,,3,,,,,,,,,,,,,300
898,,,,,,,,,,,,3,,,,10,,,,,,,,,,,,400
899,,,,,3,,,,,,,,,,,,,,,,,,,,,,,300
9,,,,1,,,,,,,,,,,1,,,,,,,,,,,,,330
90,,,,,,,,,,,,,,,,,,,,,,,,,,,,260
900,,,,,,,,,,3,,,3,,,,,,,,,,,,,,,300
901,,,,,,,,,,,98,,,,,,,,,,,,,,,,,300
902,,,,,,1,,,,4,,,,,,,,,,1,,,,,,,,360
903,,,,,4,,,,,,7,,4,,,,,,,,,,,10,1,,,300
904,,,,,,,,,,1,5,,,,2,,,,,,,,,4,,,,390
905,,1,,1,3,,,,,2,9,,2,,,,,,,,,,,4,,,,360
906,,,,,8,,,,,3,9,1,,,,,,,,,,,,3,,,,420
907,,,,,3,,,,,,,,,,,,,,,,,,,,,,,300
908,,1,,2,2,,,,,,4,,3,,,,,,,,,,,,,,,300
909,,,,,,1,,,,,,,,,,,,,,1,,,,6,1,,,330
91,,1,,1,,,,,,,,,,,,,,,,,,,,,,,,320
910,,,,,5,,,,,6,,,,,,,,,,,,,,,1,,,330
911,,,,,4,,,,,4,,,,,,,,,,,,,,4,1,,,360
912,,,,2,,,,,,,,3,,,,10,,,,,,,,14,,,,420
913,,,,,1,1,,,,,,,,,,,,,,1,,,,6,1,,,300
914,,1,,,4,,,,,3,9,,,,,,,,,,,,,,,,,330
915,,1,,1,2,,,,,,10,,3,,,,,,,,,,,4,,,,360
916,,,,,3,,,,,,10,2,,,,,,,,,,,,4,,,,420
917,,,,,3,,,,,,,,,,,,,,,,,,,,,,,300
918,,,,,,,,,,,,,,,3,,,,,,,,,,,,,300
919,,,,,,,,,,,,1,,,,,,,,,,,,,,,,300
92,,1,,2,,,,,,,,,,,,8,,,,,,,,,,,,355
920,,,,,3,,,,,,10,,4,,,,,,,,,,,5,,,,330
921,,,,,,,,,,,86,,,,,,,,,,,,,,,,,220
922,,1,,1,1,,,,,,,,4,,,,,,,,,,,6,,,,400
923,,,,,2,1,,,,,,4,,,,8,,,,1,,,,6,,,,440
924,,1,,,3,,,,,,,,3,,,,,,,,,,,3,,,,320
925,,,,1,5,,,,,4,12,,,,,,,,,,,,,,,,,270
926,,,,,1,,,,,,28,2,,,3,,,,,,,,,4,,,,330
927,,,,,4,,,,,,,,5,,,,,,,,,,,,,,,410
928,,,,1,,,,,,,,3,,,,,,,,,,,,2,,,,390
929,,,,,3,,,,,,,,,,,,,,,,,,,,,,,300
93,,,,1,,,,,,,,,,,,10,,,,,,,,,1,,,395
930,,1,,1,6,,,,,,7,,,,,,,,,,,,,4,,,,420
931,,,,1,5,,,,,4,,1,,,,,,,,,,,,4,,,,270
932,,,,,,,,,,,3,,,,,,,,,,,,,,1,,,320
933,,1,,,4,,,,,,3,,6,,,,,,,,,,,3,,,,320
934,,,,1,5,,,,,,11,,,,4,,,,,,,,,,,,,280
935,,,,2,,,,,,,26,2,,,,,,,,,,,,4,,,,300
936,,,,,,,,,,,,,5,,,,,,,,,,,6,1,,,290
937,,,,1,,,,,,,,1,4,,,,,,,,,,,4,,,,300
938,,,,,6,1,,,,4,,2,,,,,,,,1,,,,4,,,,350
939,,,,,3,,,,,,,,,,,,,,,,,,,,,,,300
94,,,,,,,,,,,,,,,,,,,,,,,,,1,,,450
940,,,,,,,,,,5,,,,,,,,,,,,,,,,,,280
941,,,,,10,,,,,,,1,,,,,,,,,,,,6,,,,400
942,,,,,2,,,,,,21,,4,,,,,,,,,,,10,1,,,300
943,,,,1,,,,,,,,,,,4,,,,,,,,,2,,,,330
944,,,,1,5,1,,,,,21,,2,,,,,,,1,,,,,,,,390
945,,,,2,,,,,,,98,3,,,,,,,,,,,,,,,,420
946,,,,1,8,,,,,4,23,,,,,,,,,,,,,,,,,300
947,,,,,,,,,,,,,,,,,,,,,,,,5,1,,,360
948,,,,,1,,,,,,7,2,,,1,,,,,,,,,2,,,,360
949,,,,,,,,,,,,,6,,,,,,,,,,,,2,,,360
95,,1,,,,,,,,,,2,3,,,,,,,,,,,,,,,445
950,,,,,,,,,,3,,3,,,,,,,,,,,,,,,,450
951,,,,,3,,,,,,,,,,,,,,,,,,,,,,,300
952,,,,2,,,,,,,,2,,,,,,,,,,,,18,,,,420
953,,,,,2,1,,,,,,,,,,,,,,1,,,,4,,,,360
954,,,,,,,,,,,,,4,,,,,,,,,,,6,1,,,390
955,,,,,1,,,,,5,,,,,,,,,,,,,,,,,,420
956,,,,1,,,,,,4,,2,2,,,,,,,,,,,,,,,390
957,,,,,,,,,,3,,2,,,,,,,,,,,,4,,,,390
958,,,,,,,,,,,,,2,,,,,,,,,,,6,,,,450
959,,,,1,1,,,,,2,,,,,2,,,,,,,,,2,2,,,270
96,,,,,,,,,,,,,3,,,,,,,,,,,,,,,375
960,,,,,,,,,,,,4,,,,,,,,,,,,12,,,,390
961,,,,,3,,,,,,,,,,,,,,,,,,,,,,,300
962,,,,,,,,,,,86,,,,,,,,,,,,,,,,,310
963,,,,1,,,,,,,113,,,,,,,,,,,,,,,,,330
964,,,,,,,,,,4,,2,,,,,,,,,,,,,,,,330
965,,,,1,,,,,,1,,,,,,,,,,,,,,4,,,,330
966,,,,,,,,,,4,,,,,,,,,,,,,,,,,,300
967,,,,1,,1,,,,,,3,,,,10,,,,1,,,,10,,,,480
968,,,,1,,,,,,2,,1,,,,,,,,,,,,6,,,,220
969,,1,,,3,,,,,,,,3,,,,,,,,,,,,,,,280
97,,1,,1,,,,,,,,,1,,,,,,,,,,,,,,,305
970,,,,,,,,,,2,,,,,2,,,,,,,,,4,2,,,360
971,,,,,,1,,,,3,,3,,,,,,,,1,,,,4,,,,450
972,,,,,3,,,,,,,,,,,,,,,,,,,,,,,300
973,,,,,,,,,,,,,4,,,,,,,,,,,,2,,,250
974,,,,,,,,,,,,,,,,,,,,,,,,,3,,,360
975,,,,,4,,,,,,2,3,3,,,,,,,,,,,,,,,250
976,,,,,,,,,,2,101,,,,,,,,,,,,,6,,,,360
977,,,,,,,,,,,,,,,,,,,,,,,,,1,,,440
978,,,,,,,,,,,,3,,,,,,,,,,,,13,,,,360
979,,,,,,,,,,,,,4,,,,,,,,,,,,,,,280
98,,,,1,,,,,,,,3,,,,,,,,,,,,,,,,375
980,,,,,,,,,,3,,,,,,,,,,,,,,3,,,,220
981,,,,,3,,,,,4,,1,,,,,,,,,,,,4,,,,330
982,,,,,,,,,,4,,,,,,,,,,,,,,,1,,,420
983,,,,4,,,,,,,,4,,,,,,,,,,,,20,,,,390
984,,,,,3,,,,,,,,,,,,,,,,,,,,,,,300
985,,,,,,,,,,,,,4,,,,,,,,,,,4,,,,300
986,,,,,,,,,,3,,,,,,,,,,,,,,,,,,270
987,,,,1,,,,,,,,,,,4,,,,,,,,,,,,,300
988,,,,,,,,,,5,,,,,,,,,,,,,,5,1,,,280
989,,,,1,5,,,,,,,2,,,,,,,,,,,,2,,,,330
99,,,,1,,,,,,,,4,,,,,,,,,,,,,,,,450
990,,,,,,,,,,4,,,,,,,,,,,,,,,1,,,340
991,,,,,,1,,,,1,16,3,,,,,,,,1,,,,4,,,,390
992,,,,,,,,,,4,,,,,,,,,,,,,,,,6,,250
993,,,,,,,,,,6,16,2,,,,,,,,,,,,,,,,250
994,,,,,,,,,,4,4,,,,,,,,,,,,,4,,7,,350
995,,,,,,,,,,3,,4,,,,2,,,,,,,,,,6,,350
996,,,,,,,,,,4,,,,,,10,,,,,,,,,1,,,400
997,,,,,,,,,,3,,,,,,,,,,,,,,16,2,,,370
998,,,,,,,,,,,,,,,,,,,,,,,,,,,,230
999,,,,,,,,,,3,4,,3,,,,,,,,,,,,1,,,300
